"group_hanna","vw","thaw_strain","method","sub_group","soil_group","major_category"
"Gravel",0.5,-17.5,"Hanna et al. (1983)","Gravel","Coarse-grained","Sedimentary Soils"
"Gravel",1,-17,"Hanna et al. (1983)","Gravel","Coarse-grained","Sedimentary Soils"
"Gravel",1.5,-16.5,"Hanna et al. (1983)","Gravel","Coarse-grained","Sedimentary Soils"
"Gravel",2,-16,"Hanna et al. (1983)","Gravel","Coarse-grained","Sedimentary Soils"
"Gravel",2.5,-15.5,"Hanna et al. (1983)","Gravel","Coarse-grained","Sedimentary Soils"
"Gravel",3,-15,"Hanna et al. (1983)","Gravel","Coarse-grained","Sedimentary Soils"
"Gravel",3.5,-14.5,"Hanna et al. (1983)","Gravel","Coarse-grained","Sedimentary Soils"
"Gravel",4,-14,"Hanna et al. (1983)","Gravel","Coarse-grained","Sedimentary Soils"
"Gravel",4.5,-13.5,"Hanna et al. (1983)","Gravel","Coarse-grained","Sedimentary Soils"
"Gravel",5,-13,"Hanna et al. (1983)","Gravel","Coarse-grained","Sedimentary Soils"
"Gravel",5.5,-12.5,"Hanna et al. (1983)","Gravel","Coarse-grained","Sedimentary Soils"
"Gravel",6,-12,"Hanna et al. (1983)","Gravel","Coarse-grained","Sedimentary Soils"
"Gravel",6.5,-11.5,"Hanna et al. (1983)","Gravel","Coarse-grained","Sedimentary Soils"
"Gravel",7,-11,"Hanna et al. (1983)","Gravel","Coarse-grained","Sedimentary Soils"
"Gravel",7.5,-10.5,"Hanna et al. (1983)","Gravel","Coarse-grained","Sedimentary Soils"
"Gravel",8,-10,"Hanna et al. (1983)","Gravel","Coarse-grained","Sedimentary Soils"
"Gravel",8.5,-9.5,"Hanna et al. (1983)","Gravel","Coarse-grained","Sedimentary Soils"
"Gravel",9,-9,"Hanna et al. (1983)","Gravel","Coarse-grained","Sedimentary Soils"
"Gravel",9.5,-8.5,"Hanna et al. (1983)","Gravel","Coarse-grained","Sedimentary Soils"
"Gravel",10,-8,"Hanna et al. (1983)","Gravel","Coarse-grained","Sedimentary Soils"
"Gravel",10.5,-7.5,"Hanna et al. (1983)","Gravel","Coarse-grained","Sedimentary Soils"
"Gravel",11,-7,"Hanna et al. (1983)","Gravel","Coarse-grained","Sedimentary Soils"
"Gravel",11.5,-6.5,"Hanna et al. (1983)","Gravel","Coarse-grained","Sedimentary Soils"
"Gravel",12,-6,"Hanna et al. (1983)","Gravel","Coarse-grained","Sedimentary Soils"
"Gravel",12.5,-5.5,"Hanna et al. (1983)","Gravel","Coarse-grained","Sedimentary Soils"
"Gravel",13,-5,"Hanna et al. (1983)","Gravel","Coarse-grained","Sedimentary Soils"
"Gravel",13.5,-4.5,"Hanna et al. (1983)","Gravel","Coarse-grained","Sedimentary Soils"
"Gravel",14,-4,"Hanna et al. (1983)","Gravel","Coarse-grained","Sedimentary Soils"
"Gravel",14.5,-3.5,"Hanna et al. (1983)","Gravel","Coarse-grained","Sedimentary Soils"
"Gravel",15,-3,"Hanna et al. (1983)","Gravel","Coarse-grained","Sedimentary Soils"
"Gravel",15.5,-2.5,"Hanna et al. (1983)","Gravel","Coarse-grained","Sedimentary Soils"
"Gravel",16,-2,"Hanna et al. (1983)","Gravel","Coarse-grained","Sedimentary Soils"
"Gravel",16.5,-1.5,"Hanna et al. (1983)","Gravel","Coarse-grained","Sedimentary Soils"
"Gravel",17,-1,"Hanna et al. (1983)","Gravel","Coarse-grained","Sedimentary Soils"
"Gravel",17.5,-0.5,"Hanna et al. (1983)","Gravel","Coarse-grained","Sedimentary Soils"
"Gravel",18,0,"Hanna et al. (1983)","Gravel","Coarse-grained","Sedimentary Soils"
"Gravel",18.5,0.5,"Hanna et al. (1983)","Gravel","Coarse-grained","Sedimentary Soils"
"Gravel",19,1,"Hanna et al. (1983)","Gravel","Coarse-grained","Sedimentary Soils"
"Gravel",19.5,1.5,"Hanna et al. (1983)","Gravel","Coarse-grained","Sedimentary Soils"
"Gravel",20,2,"Hanna et al. (1983)","Gravel","Coarse-grained","Sedimentary Soils"
"Gravel",20.5,2.5,"Hanna et al. (1983)","Gravel","Coarse-grained","Sedimentary Soils"
"Gravel",21,3,"Hanna et al. (1983)","Gravel","Coarse-grained","Sedimentary Soils"
"Gravel",21.5,3.5,"Hanna et al. (1983)","Gravel","Coarse-grained","Sedimentary Soils"
"Gravel",22,4,"Hanna et al. (1983)","Gravel","Coarse-grained","Sedimentary Soils"
"Gravel",22.5,4.5,"Hanna et al. (1983)","Gravel","Coarse-grained","Sedimentary Soils"
"Gravel",23,5,"Hanna et al. (1983)","Gravel","Coarse-grained","Sedimentary Soils"
"Gravel",23.5,5.622,"Hanna et al. (1983)","Gravel","Coarse-grained","Sedimentary Soils"
"Gravel",24,6.239,"Hanna et al. (1983)","Gravel","Coarse-grained","Sedimentary Soils"
"Gravel",24.5,6.856,"Hanna et al. (1983)","Gravel","Coarse-grained","Sedimentary Soils"
"Gravel",25,7.473,"Hanna et al. (1983)","Gravel","Coarse-grained","Sedimentary Soils"
"Gravel",25.5,8.09,"Hanna et al. (1983)","Gravel","Coarse-grained","Sedimentary Soils"
"Gravel",26,8.707,"Hanna et al. (1983)","Gravel","Coarse-grained","Sedimentary Soils"
"Gravel",26.5,9.324,"Hanna et al. (1983)","Gravel","Coarse-grained","Sedimentary Soils"
"Gravel",27,9.941,"Hanna et al. (1983)","Gravel","Coarse-grained","Sedimentary Soils"
"Gravel",27.5,10.558,"Hanna et al. (1983)","Gravel","Coarse-grained","Sedimentary Soils"
"Gravel",28,11.175,"Hanna et al. (1983)","Gravel","Coarse-grained","Sedimentary Soils"
"Gravel",28.5,11.792,"Hanna et al. (1983)","Gravel","Coarse-grained","Sedimentary Soils"
"Gravel",29,12.409,"Hanna et al. (1983)","Gravel","Coarse-grained","Sedimentary Soils"
"Gravel",29.5,13.026,"Hanna et al. (1983)","Gravel","Coarse-grained","Sedimentary Soils"
"Gravel",30,13.643,"Hanna et al. (1983)","Gravel","Coarse-grained","Sedimentary Soils"
"Gravel",30.5,14.26,"Hanna et al. (1983)","Gravel","Coarse-grained","Sedimentary Soils"
"Gravel",31,14.877,"Hanna et al. (1983)","Gravel","Coarse-grained","Sedimentary Soils"
"Gravel",31.5,15.494,"Hanna et al. (1983)","Gravel","Coarse-grained","Sedimentary Soils"
"Gravel",32,16.111,"Hanna et al. (1983)","Gravel","Coarse-grained","Sedimentary Soils"
"Gravel",32.5,16.728,"Hanna et al. (1983)","Gravel","Coarse-grained","Sedimentary Soils"
"Gravel",33,17.345,"Hanna et al. (1983)","Gravel","Coarse-grained","Sedimentary Soils"
"Gravel",33.5,17.962,"Hanna et al. (1983)","Gravel","Coarse-grained","Sedimentary Soils"
"Gravel",34,18.579,"Hanna et al. (1983)","Gravel","Coarse-grained","Sedimentary Soils"
"Gravel",34.5,19.196,"Hanna et al. (1983)","Gravel","Coarse-grained","Sedimentary Soils"
"Gravel",35,19.813,"Hanna et al. (1983)","Gravel","Coarse-grained","Sedimentary Soils"
"Gravel",35.5,20.43,"Hanna et al. (1983)","Gravel","Coarse-grained","Sedimentary Soils"
"Gravel",36,21.047,"Hanna et al. (1983)","Gravel","Coarse-grained","Sedimentary Soils"
"Gravel",36.5,21.664,"Hanna et al. (1983)","Gravel","Coarse-grained","Sedimentary Soils"
"Gravel",37,22.281,"Hanna et al. (1983)","Gravel","Coarse-grained","Sedimentary Soils"
"Gravel",37.5,22.898,"Hanna et al. (1983)","Gravel","Coarse-grained","Sedimentary Soils"
"Gravel",38,23.515,"Hanna et al. (1983)","Gravel","Coarse-grained","Sedimentary Soils"
"Gravel",38.5,24.132,"Hanna et al. (1983)","Gravel","Coarse-grained","Sedimentary Soils"
"Gravel",39,24.749,"Hanna et al. (1983)","Gravel","Coarse-grained","Sedimentary Soils"
"Gravel",39.5,25.366,"Hanna et al. (1983)","Gravel","Coarse-grained","Sedimentary Soils"
"Gravel",40,25.983,"Hanna et al. (1983)","Gravel","Coarse-grained","Sedimentary Soils"
"Gravel",40.5,26.6,"Hanna et al. (1983)","Gravel","Coarse-grained","Sedimentary Soils"
"Gravel",41,27.217,"Hanna et al. (1983)","Gravel","Coarse-grained","Sedimentary Soils"
"Gravel",41.5,27.834,"Hanna et al. (1983)","Gravel","Coarse-grained","Sedimentary Soils"
"Gravel",42,28.451,"Hanna et al. (1983)","Gravel","Coarse-grained","Sedimentary Soils"
"Gravel",42.5,29.068,"Hanna et al. (1983)","Gravel","Coarse-grained","Sedimentary Soils"
"Gravel",43,29.685,"Hanna et al. (1983)","Gravel","Coarse-grained","Sedimentary Soils"
"Gravel",43.5,30.302,"Hanna et al. (1983)","Gravel","Coarse-grained","Sedimentary Soils"
"Gravel",44,30.919,"Hanna et al. (1983)","Gravel","Coarse-grained","Sedimentary Soils"
"Gravel",44.5,31.536,"Hanna et al. (1983)","Gravel","Coarse-grained","Sedimentary Soils"
"Gravel",45,32.153,"Hanna et al. (1983)","Gravel","Coarse-grained","Sedimentary Soils"
"Gravel",45.5,32.77,"Hanna et al. (1983)","Gravel","Coarse-grained","Sedimentary Soils"
"Gravel",46,33.387,"Hanna et al. (1983)","Gravel","Coarse-grained","Sedimentary Soils"
"Gravel",46.5,34.004,"Hanna et al. (1983)","Gravel","Coarse-grained","Sedimentary Soils"
"Gravel",47,34.621,"Hanna et al. (1983)","Gravel","Coarse-grained","Sedimentary Soils"
"Gravel",47.5,35.238,"Hanna et al. (1983)","Gravel","Coarse-grained","Sedimentary Soils"
"Gravel",48,35.855,"Hanna et al. (1983)","Gravel","Coarse-grained","Sedimentary Soils"
"Gravel",48.5,36.472,"Hanna et al. (1983)","Gravel","Coarse-grained","Sedimentary Soils"
"Gravel",49,37.089,"Hanna et al. (1983)","Gravel","Coarse-grained","Sedimentary Soils"
"Gravel",49.5,37.706,"Hanna et al. (1983)","Gravel","Coarse-grained","Sedimentary Soils"
"Gravel",50,38.323,"Hanna et al. (1983)","Gravel","Coarse-grained","Sedimentary Soils"
"Gravel",50.5,38.94,"Hanna et al. (1983)","Gravel","Coarse-grained","Sedimentary Soils"
"Gravel",51,39.557,"Hanna et al. (1983)","Gravel","Coarse-grained","Sedimentary Soils"
"Gravel",51.5,40.174,"Hanna et al. (1983)","Gravel","Coarse-grained","Sedimentary Soils"
"Gravel",52,40.791,"Hanna et al. (1983)","Gravel","Coarse-grained","Sedimentary Soils"
"Gravel",52.5,41.408,"Hanna et al. (1983)","Gravel","Coarse-grained","Sedimentary Soils"
"Gravel",53,42.025,"Hanna et al. (1983)","Gravel","Coarse-grained","Sedimentary Soils"
"Gravel",53.5,42.642,"Hanna et al. (1983)","Gravel","Coarse-grained","Sedimentary Soils"
"Gravel",54,43.259,"Hanna et al. (1983)","Gravel","Coarse-grained","Sedimentary Soils"
"Gravel",54.5,43.876,"Hanna et al. (1983)","Gravel","Coarse-grained","Sedimentary Soils"
"Gravel",55,44.493,"Hanna et al. (1983)","Gravel","Coarse-grained","Sedimentary Soils"
"Gravel",55.5,45.11,"Hanna et al. (1983)","Gravel","Coarse-grained","Sedimentary Soils"
"Gravel",56,45.727,"Hanna et al. (1983)","Gravel","Coarse-grained","Sedimentary Soils"
"Gravel",56.5,46.344,"Hanna et al. (1983)","Gravel","Coarse-grained","Sedimentary Soils"
"Gravel",57,46.961,"Hanna et al. (1983)","Gravel","Coarse-grained","Sedimentary Soils"
"Gravel",57.5,47.578,"Hanna et al. (1983)","Gravel","Coarse-grained","Sedimentary Soils"
"Gravel",58,48.195,"Hanna et al. (1983)","Gravel","Coarse-grained","Sedimentary Soils"
"Gravel",58.5,48.812,"Hanna et al. (1983)","Gravel","Coarse-grained","Sedimentary Soils"
"Gravel",59,49.429,"Hanna et al. (1983)","Gravel","Coarse-grained","Sedimentary Soils"
"Gravel",59.5,50.046,"Hanna et al. (1983)","Gravel","Coarse-grained","Sedimentary Soils"
"Gravel",60,50.663,"Hanna et al. (1983)","Gravel","Coarse-grained","Sedimentary Soils"
"Gravel",60.5,51.28,"Hanna et al. (1983)","Gravel","Coarse-grained","Sedimentary Soils"
"Gravel",61,51.897,"Hanna et al. (1983)","Gravel","Coarse-grained","Sedimentary Soils"
"Gravel",61.5,52.514,"Hanna et al. (1983)","Gravel","Coarse-grained","Sedimentary Soils"
"Gravel",62,53.131,"Hanna et al. (1983)","Gravel","Coarse-grained","Sedimentary Soils"
"Gravel",62.5,53.748,"Hanna et al. (1983)","Gravel","Coarse-grained","Sedimentary Soils"
"Gravel",63,54.365,"Hanna et al. (1983)","Gravel","Coarse-grained","Sedimentary Soils"
"Gravel",63.5,54.982,"Hanna et al. (1983)","Gravel","Coarse-grained","Sedimentary Soils"
"Gravel",64,55.599,"Hanna et al. (1983)","Gravel","Coarse-grained","Sedimentary Soils"
"Gravel",64.5,56.216,"Hanna et al. (1983)","Gravel","Coarse-grained","Sedimentary Soils"
"Gravel",65,56.833,"Hanna et al. (1983)","Gravel","Coarse-grained","Sedimentary Soils"
"Gravel",65.5,57.45,"Hanna et al. (1983)","Gravel","Coarse-grained","Sedimentary Soils"
"Gravel",66,58.067,"Hanna et al. (1983)","Gravel","Coarse-grained","Sedimentary Soils"
"Gravel",66.5,58.684,"Hanna et al. (1983)","Gravel","Coarse-grained","Sedimentary Soils"
"Gravel",67,59.301,"Hanna et al. (1983)","Gravel","Coarse-grained","Sedimentary Soils"
"Gravel",67.5,59.918,"Hanna et al. (1983)","Gravel","Coarse-grained","Sedimentary Soils"
"Gravel",68,60.535,"Hanna et al. (1983)","Gravel","Coarse-grained","Sedimentary Soils"
"Gravel",68.5,61.152,"Hanna et al. (1983)","Gravel","Coarse-grained","Sedimentary Soils"
"Gravel",69,61.769,"Hanna et al. (1983)","Gravel","Coarse-grained","Sedimentary Soils"
"Gravel",69.5,62.386,"Hanna et al. (1983)","Gravel","Coarse-grained","Sedimentary Soils"
"Gravel",70,63.003,"Hanna et al. (1983)","Gravel","Coarse-grained","Sedimentary Soils"
"Gravel",70.5,63.62,"Hanna et al. (1983)","Gravel","Coarse-grained","Sedimentary Soils"
"Gravel",71,64.237,"Hanna et al. (1983)","Gravel","Coarse-grained","Sedimentary Soils"
"Gravel",71.5,64.854,"Hanna et al. (1983)","Gravel","Coarse-grained","Sedimentary Soils"
"Gravel",72,65.471,"Hanna et al. (1983)","Gravel","Coarse-grained","Sedimentary Soils"
"Gravel",72.5,66.088,"Hanna et al. (1983)","Gravel","Coarse-grained","Sedimentary Soils"
"Gravel",73,66.705,"Hanna et al. (1983)","Gravel","Coarse-grained","Sedimentary Soils"
"Gravel",73.5,67.322,"Hanna et al. (1983)","Gravel","Coarse-grained","Sedimentary Soils"
"Gravel",74,67.939,"Hanna et al. (1983)","Gravel","Coarse-grained","Sedimentary Soils"
"Gravel",74.5,68.556,"Hanna et al. (1983)","Gravel","Coarse-grained","Sedimentary Soils"
"Gravel",75,69.173,"Hanna et al. (1983)","Gravel","Coarse-grained","Sedimentary Soils"
"Gravel",75.5,69.79,"Hanna et al. (1983)","Gravel","Coarse-grained","Sedimentary Soils"
"Gravel",76,70.407,"Hanna et al. (1983)","Gravel","Coarse-grained","Sedimentary Soils"
"Gravel",76.5,71.024,"Hanna et al. (1983)","Gravel","Coarse-grained","Sedimentary Soils"
"Gravel",77,71.641,"Hanna et al. (1983)","Gravel","Coarse-grained","Sedimentary Soils"
"Gravel",77.5,72.258,"Hanna et al. (1983)","Gravel","Coarse-grained","Sedimentary Soils"
"Gravel",78,72.875,"Hanna et al. (1983)","Gravel","Coarse-grained","Sedimentary Soils"
"Gravel",78.5,73.492,"Hanna et al. (1983)","Gravel","Coarse-grained","Sedimentary Soils"
"Gravel",79,74.109,"Hanna et al. (1983)","Gravel","Coarse-grained","Sedimentary Soils"
"Gravel",79.5,74.726,"Hanna et al. (1983)","Gravel","Coarse-grained","Sedimentary Soils"
"Gravel",80,75.343,"Hanna et al. (1983)","Gravel","Coarse-grained","Sedimentary Soils"
"Gravel",80.5,75.96,"Hanna et al. (1983)","Gravel","Coarse-grained","Sedimentary Soils"
"Gravel",81,76.577,"Hanna et al. (1983)","Gravel","Coarse-grained","Sedimentary Soils"
"Gravel",81.5,77.194,"Hanna et al. (1983)","Gravel","Coarse-grained","Sedimentary Soils"
"Gravel",82,77.811,"Hanna et al. (1983)","Gravel","Coarse-grained","Sedimentary Soils"
"Gravel",82.5,78.428,"Hanna et al. (1983)","Gravel","Coarse-grained","Sedimentary Soils"
"Gravel",83,79.045,"Hanna et al. (1983)","Gravel","Coarse-grained","Sedimentary Soils"
"Gravel",83.5,79.662,"Hanna et al. (1983)","Gravel","Coarse-grained","Sedimentary Soils"
"Gravel",84,80.279,"Hanna et al. (1983)","Gravel","Coarse-grained","Sedimentary Soils"
"Gravel",84.5,80.896,"Hanna et al. (1983)","Gravel","Coarse-grained","Sedimentary Soils"
"Gravel",85,81.513,"Hanna et al. (1983)","Gravel","Coarse-grained","Sedimentary Soils"
"Gravel",85.5,82.13,"Hanna et al. (1983)","Gravel","Coarse-grained","Sedimentary Soils"
"Gravel",86,82.747,"Hanna et al. (1983)","Gravel","Coarse-grained","Sedimentary Soils"
"Gravel",86.5,83.364,"Hanna et al. (1983)","Gravel","Coarse-grained","Sedimentary Soils"
"Gravel",87,83.981,"Hanna et al. (1983)","Gravel","Coarse-grained","Sedimentary Soils"
"Gravel",87.5,84.598,"Hanna et al. (1983)","Gravel","Coarse-grained","Sedimentary Soils"
"Gravel",88,85.215,"Hanna et al. (1983)","Gravel","Coarse-grained","Sedimentary Soils"
"Gravel",88.5,85.832,"Hanna et al. (1983)","Gravel","Coarse-grained","Sedimentary Soils"
"Gravel",89,86.449,"Hanna et al. (1983)","Gravel","Coarse-grained","Sedimentary Soils"
"Gravel",89.5,87.066,"Hanna et al. (1983)","Gravel","Coarse-grained","Sedimentary Soils"
"Gravel",90,87.683,"Hanna et al. (1983)","Gravel","Coarse-grained","Sedimentary Soils"
"Gravel",90.5,88.3,"Hanna et al. (1983)","Gravel","Coarse-grained","Sedimentary Soils"
"Gravel",91,88.917,"Hanna et al. (1983)","Gravel","Coarse-grained","Sedimentary Soils"
"Gravel",91.5,89.534,"Hanna et al. (1983)","Gravel","Coarse-grained","Sedimentary Soils"
"Gravel",92,90.151,"Hanna et al. (1983)","Gravel","Coarse-grained","Sedimentary Soils"
"Gravel",92.5,90.768,"Hanna et al. (1983)","Gravel","Coarse-grained","Sedimentary Soils"
"Gravel",93,91.385,"Hanna et al. (1983)","Gravel","Coarse-grained","Sedimentary Soils"
"Gravel",93.5,92.002,"Hanna et al. (1983)","Gravel","Coarse-grained","Sedimentary Soils"
"Gravel",94,92.619,"Hanna et al. (1983)","Gravel","Coarse-grained","Sedimentary Soils"
"Gravel",94.5,93.236,"Hanna et al. (1983)","Gravel","Coarse-grained","Sedimentary Soils"
"Gravel",95,93.853,"Hanna et al. (1983)","Gravel","Coarse-grained","Sedimentary Soils"
"Gravel",95.5,94.47,"Hanna et al. (1983)","Gravel","Coarse-grained","Sedimentary Soils"
"Gravel",96,95.087,"Hanna et al. (1983)","Gravel","Coarse-grained","Sedimentary Soils"
"Gravel",96.5,95.704,"Hanna et al. (1983)","Gravel","Coarse-grained","Sedimentary Soils"
"Gravel",97,96.321,"Hanna et al. (1983)","Gravel","Coarse-grained","Sedimentary Soils"
"Gravel",97.5,96.938,"Hanna et al. (1983)","Gravel","Coarse-grained","Sedimentary Soils"
"Gravel",98,97.555,"Hanna et al. (1983)","Gravel","Coarse-grained","Sedimentary Soils"
"Gravel",98.5,98.172,"Hanna et al. (1983)","Gravel","Coarse-grained","Sedimentary Soils"
"Gravel",99,98.789,"Hanna et al. (1983)","Gravel","Coarse-grained","Sedimentary Soils"
"Gravel",99.5,99.406,"Hanna et al. (1983)","Gravel","Coarse-grained","Sedimentary Soils"
"Gravel",100,100.023,"Hanna et al. (1983)","Gravel","Coarse-grained","Sedimentary Soils"
"Gravel",100.5,100.64,"Hanna et al. (1983)","Gravel","Coarse-grained","Sedimentary Soils"
"High Plastic Soil",0.5,-57.9365,"Hanna et al. (1983)","High Plastic Soil","Fine-grained","Sedimentary Soils"
"High Plastic Soil",1,-57.143,"Hanna et al. (1983)","High Plastic Soil","Fine-grained","Sedimentary Soils"
"High Plastic Soil",1.5,-56.3495,"Hanna et al. (1983)","High Plastic Soil","Fine-grained","Sedimentary Soils"
"High Plastic Soil",2,-55.556,"Hanna et al. (1983)","High Plastic Soil","Fine-grained","Sedimentary Soils"
"High Plastic Soil",2.5,-54.7625,"Hanna et al. (1983)","High Plastic Soil","Fine-grained","Sedimentary Soils"
"High Plastic Soil",3,-53.969,"Hanna et al. (1983)","High Plastic Soil","Fine-grained","Sedimentary Soils"
"High Plastic Soil",3.5,-53.1755,"Hanna et al. (1983)","High Plastic Soil","Fine-grained","Sedimentary Soils"
"High Plastic Soil",4,-52.382,"Hanna et al. (1983)","High Plastic Soil","Fine-grained","Sedimentary Soils"
"High Plastic Soil",4.5,-51.5885,"Hanna et al. (1983)","High Plastic Soil","Fine-grained","Sedimentary Soils"
"High Plastic Soil",5,-50.795,"Hanna et al. (1983)","High Plastic Soil","Fine-grained","Sedimentary Soils"
"High Plastic Soil",5.5,-50.0015,"Hanna et al. (1983)","High Plastic Soil","Fine-grained","Sedimentary Soils"
"High Plastic Soil",6,-49.208,"Hanna et al. (1983)","High Plastic Soil","Fine-grained","Sedimentary Soils"
"High Plastic Soil",6.5,-48.4145,"Hanna et al. (1983)","High Plastic Soil","Fine-grained","Sedimentary Soils"
"High Plastic Soil",7,-47.621,"Hanna et al. (1983)","High Plastic Soil","Fine-grained","Sedimentary Soils"
"High Plastic Soil",7.5,-46.8275,"Hanna et al. (1983)","High Plastic Soil","Fine-grained","Sedimentary Soils"
"High Plastic Soil",8,-46.034,"Hanna et al. (1983)","High Plastic Soil","Fine-grained","Sedimentary Soils"
"High Plastic Soil",8.5,-45.2405,"Hanna et al. (1983)","High Plastic Soil","Fine-grained","Sedimentary Soils"
"High Plastic Soil",9,-44.447,"Hanna et al. (1983)","High Plastic Soil","Fine-grained","Sedimentary Soils"
"High Plastic Soil",9.5,-43.6535,"Hanna et al. (1983)","High Plastic Soil","Fine-grained","Sedimentary Soils"
"High Plastic Soil",10,-42.86,"Hanna et al. (1983)","High Plastic Soil","Fine-grained","Sedimentary Soils"
"High Plastic Soil",10.5,-42.0665,"Hanna et al. (1983)","High Plastic Soil","Fine-grained","Sedimentary Soils"
"High Plastic Soil",11,-41.273,"Hanna et al. (1983)","High Plastic Soil","Fine-grained","Sedimentary Soils"
"High Plastic Soil",11.5,-40.4795,"Hanna et al. (1983)","High Plastic Soil","Fine-grained","Sedimentary Soils"
"High Plastic Soil",12,-39.686,"Hanna et al. (1983)","High Plastic Soil","Fine-grained","Sedimentary Soils"
"High Plastic Soil",12.5,-38.8925,"Hanna et al. (1983)","High Plastic Soil","Fine-grained","Sedimentary Soils"
"High Plastic Soil",13,-38.099,"Hanna et al. (1983)","High Plastic Soil","Fine-grained","Sedimentary Soils"
"High Plastic Soil",13.5,-37.3055,"Hanna et al. (1983)","High Plastic Soil","Fine-grained","Sedimentary Soils"
"High Plastic Soil",14,-36.512,"Hanna et al. (1983)","High Plastic Soil","Fine-grained","Sedimentary Soils"
"High Plastic Soil",14.5,-35.7185,"Hanna et al. (1983)","High Plastic Soil","Fine-grained","Sedimentary Soils"
"High Plastic Soil",15,-34.925,"Hanna et al. (1983)","High Plastic Soil","Fine-grained","Sedimentary Soils"
"High Plastic Soil",15.5,-34.1315,"Hanna et al. (1983)","High Plastic Soil","Fine-grained","Sedimentary Soils"
"High Plastic Soil",16,-33.338,"Hanna et al. (1983)","High Plastic Soil","Fine-grained","Sedimentary Soils"
"High Plastic Soil",16.5,-32.5445,"Hanna et al. (1983)","High Plastic Soil","Fine-grained","Sedimentary Soils"
"High Plastic Soil",17,-31.751,"Hanna et al. (1983)","High Plastic Soil","Fine-grained","Sedimentary Soils"
"High Plastic Soil",17.5,-30.9575,"Hanna et al. (1983)","High Plastic Soil","Fine-grained","Sedimentary Soils"
"High Plastic Soil",18,-30.164,"Hanna et al. (1983)","High Plastic Soil","Fine-grained","Sedimentary Soils"
"High Plastic Soil",18.5,-29.3705,"Hanna et al. (1983)","High Plastic Soil","Fine-grained","Sedimentary Soils"
"High Plastic Soil",19,-28.577,"Hanna et al. (1983)","High Plastic Soil","Fine-grained","Sedimentary Soils"
"High Plastic Soil",19.5,-27.7835,"Hanna et al. (1983)","High Plastic Soil","Fine-grained","Sedimentary Soils"
"High Plastic Soil",20,-26.99,"Hanna et al. (1983)","High Plastic Soil","Fine-grained","Sedimentary Soils"
"High Plastic Soil",20.5,-26.1965,"Hanna et al. (1983)","High Plastic Soil","Fine-grained","Sedimentary Soils"
"High Plastic Soil",21,-25.403,"Hanna et al. (1983)","High Plastic Soil","Fine-grained","Sedimentary Soils"
"High Plastic Soil",21.5,-24.6095,"Hanna et al. (1983)","High Plastic Soil","Fine-grained","Sedimentary Soils"
"High Plastic Soil",22,-23.816,"Hanna et al. (1983)","High Plastic Soil","Fine-grained","Sedimentary Soils"
"High Plastic Soil",22.5,-23.0225,"Hanna et al. (1983)","High Plastic Soil","Fine-grained","Sedimentary Soils"
"High Plastic Soil",23,-22.229,"Hanna et al. (1983)","High Plastic Soil","Fine-grained","Sedimentary Soils"
"High Plastic Soil",23.5,-21.4355,"Hanna et al. (1983)","High Plastic Soil","Fine-grained","Sedimentary Soils"
"High Plastic Soil",24,-20.642,"Hanna et al. (1983)","High Plastic Soil","Fine-grained","Sedimentary Soils"
"High Plastic Soil",24.5,-19.8485,"Hanna et al. (1983)","High Plastic Soil","Fine-grained","Sedimentary Soils"
"High Plastic Soil",25,-19.055,"Hanna et al. (1983)","High Plastic Soil","Fine-grained","Sedimentary Soils"
"High Plastic Soil",25.5,-18.2615,"Hanna et al. (1983)","High Plastic Soil","Fine-grained","Sedimentary Soils"
"High Plastic Soil",26,-17.468,"Hanna et al. (1983)","High Plastic Soil","Fine-grained","Sedimentary Soils"
"High Plastic Soil",26.5,-16.6745,"Hanna et al. (1983)","High Plastic Soil","Fine-grained","Sedimentary Soils"
"High Plastic Soil",27,-15.881,"Hanna et al. (1983)","High Plastic Soil","Fine-grained","Sedimentary Soils"
"High Plastic Soil",27.5,-15.0875,"Hanna et al. (1983)","High Plastic Soil","Fine-grained","Sedimentary Soils"
"High Plastic Soil",28,-14.294,"Hanna et al. (1983)","High Plastic Soil","Fine-grained","Sedimentary Soils"
"High Plastic Soil",28.5,-13.5005,"Hanna et al. (1983)","High Plastic Soil","Fine-grained","Sedimentary Soils"
"High Plastic Soil",29,-12.707,"Hanna et al. (1983)","High Plastic Soil","Fine-grained","Sedimentary Soils"
"High Plastic Soil",29.5,-11.9135,"Hanna et al. (1983)","High Plastic Soil","Fine-grained","Sedimentary Soils"
"High Plastic Soil",30,-11.12,"Hanna et al. (1983)","High Plastic Soil","Fine-grained","Sedimentary Soils"
"High Plastic Soil",30.5,-10.3265,"Hanna et al. (1983)","High Plastic Soil","Fine-grained","Sedimentary Soils"
"High Plastic Soil",31,-9.533,"Hanna et al. (1983)","High Plastic Soil","Fine-grained","Sedimentary Soils"
"High Plastic Soil",31.5,-8.7395,"Hanna et al. (1983)","High Plastic Soil","Fine-grained","Sedimentary Soils"
"High Plastic Soil",32,-7.946,"Hanna et al. (1983)","High Plastic Soil","Fine-grained","Sedimentary Soils"
"High Plastic Soil",32.5,-7.1525,"Hanna et al. (1983)","High Plastic Soil","Fine-grained","Sedimentary Soils"
"High Plastic Soil",33,-6.35899999999999,"Hanna et al. (1983)","High Plastic Soil","Fine-grained","Sedimentary Soils"
"High Plastic Soil",33.5,-5.5655,"Hanna et al. (1983)","High Plastic Soil","Fine-grained","Sedimentary Soils"
"High Plastic Soil",34,-4.772,"Hanna et al. (1983)","High Plastic Soil","Fine-grained","Sedimentary Soils"
"High Plastic Soil",34.5,-3.9785,"Hanna et al. (1983)","High Plastic Soil","Fine-grained","Sedimentary Soils"
"High Plastic Soil",35,-3.185,"Hanna et al. (1983)","High Plastic Soil","Fine-grained","Sedimentary Soils"
"High Plastic Soil",35.5,-2.3915,"Hanna et al. (1983)","High Plastic Soil","Fine-grained","Sedimentary Soils"
"High Plastic Soil",36,-1.598,"Hanna et al. (1983)","High Plastic Soil","Fine-grained","Sedimentary Soils"
"High Plastic Soil",36.5,-0.804499999999997,"Hanna et al. (1983)","High Plastic Soil","Fine-grained","Sedimentary Soils"
"High Plastic Soil",37,-0.0109999999999957,"Hanna et al. (1983)","High Plastic Soil","Fine-grained","Sedimentary Soils"
"High Plastic Soil",37.5,0.782499999999999,"Hanna et al. (1983)","High Plastic Soil","Fine-grained","Sedimentary Soils"
"High Plastic Soil",38,1.576,"Hanna et al. (1983)","High Plastic Soil","Fine-grained","Sedimentary Soils"
"High Plastic Soil",38.5,2.3695,"Hanna et al. (1983)","High Plastic Soil","Fine-grained","Sedimentary Soils"
"High Plastic Soil",39,3.163,"Hanna et al. (1983)","High Plastic Soil","Fine-grained","Sedimentary Soils"
"High Plastic Soil",39.5,3.9565,"Hanna et al. (1983)","High Plastic Soil","Fine-grained","Sedimentary Soils"
"High Plastic Soil",40,4.75,"Hanna et al. (1983)","High Plastic Soil","Fine-grained","Sedimentary Soils"
"High Plastic Soil",40.5,5.5435,"Hanna et al. (1983)","High Plastic Soil","Fine-grained","Sedimentary Soils"
"High Plastic Soil",41,6.337,"Hanna et al. (1983)","High Plastic Soil","Fine-grained","Sedimentary Soils"
"High Plastic Soil",41.5,7.1305,"Hanna et al. (1983)","High Plastic Soil","Fine-grained","Sedimentary Soils"
"High Plastic Soil",42,7.924,"Hanna et al. (1983)","High Plastic Soil","Fine-grained","Sedimentary Soils"
"High Plastic Soil",42.5,8.71750000000001,"Hanna et al. (1983)","High Plastic Soil","Fine-grained","Sedimentary Soils"
"High Plastic Soil",43,9.511,"Hanna et al. (1983)","High Plastic Soil","Fine-grained","Sedimentary Soils"
"High Plastic Soil",43.5,10.3045,"Hanna et al. (1983)","High Plastic Soil","Fine-grained","Sedimentary Soils"
"High Plastic Soil",44,11.098,"Hanna et al. (1983)","High Plastic Soil","Fine-grained","Sedimentary Soils"
"High Plastic Soil",44.5,11.8915,"Hanna et al. (1983)","High Plastic Soil","Fine-grained","Sedimentary Soils"
"High Plastic Soil",45,12.685,"Hanna et al. (1983)","High Plastic Soil","Fine-grained","Sedimentary Soils"
"High Plastic Soil",45.5,13.4785,"Hanna et al. (1983)","High Plastic Soil","Fine-grained","Sedimentary Soils"
"High Plastic Soil",46,14.272,"Hanna et al. (1983)","High Plastic Soil","Fine-grained","Sedimentary Soils"
"High Plastic Soil",46.5,15.0655,"Hanna et al. (1983)","High Plastic Soil","Fine-grained","Sedimentary Soils"
"High Plastic Soil",47,15.859,"Hanna et al. (1983)","High Plastic Soil","Fine-grained","Sedimentary Soils"
"High Plastic Soil",47.5,16.6525,"Hanna et al. (1983)","High Plastic Soil","Fine-grained","Sedimentary Soils"
"High Plastic Soil",48,17.446,"Hanna et al. (1983)","High Plastic Soil","Fine-grained","Sedimentary Soils"
"High Plastic Soil",48.5,18.2395,"Hanna et al. (1983)","High Plastic Soil","Fine-grained","Sedimentary Soils"
"High Plastic Soil",49,19.033,"Hanna et al. (1983)","High Plastic Soil","Fine-grained","Sedimentary Soils"
"High Plastic Soil",49.5,19.8265,"Hanna et al. (1983)","High Plastic Soil","Fine-grained","Sedimentary Soils"
"High Plastic Soil",50,20.62,"Hanna et al. (1983)","High Plastic Soil","Fine-grained","Sedimentary Soils"
"High Plastic Soil",50.5,21.4135,"Hanna et al. (1983)","High Plastic Soil","Fine-grained","Sedimentary Soils"
"High Plastic Soil",51,22.207,"Hanna et al. (1983)","High Plastic Soil","Fine-grained","Sedimentary Soils"
"High Plastic Soil",51.5,23.0005,"Hanna et al. (1983)","High Plastic Soil","Fine-grained","Sedimentary Soils"
"High Plastic Soil",52,23.794,"Hanna et al. (1983)","High Plastic Soil","Fine-grained","Sedimentary Soils"
"High Plastic Soil",52.5,24.5875,"Hanna et al. (1983)","High Plastic Soil","Fine-grained","Sedimentary Soils"
"High Plastic Soil",53,25.381,"Hanna et al. (1983)","High Plastic Soil","Fine-grained","Sedimentary Soils"
"High Plastic Soil",53.5,26.1745,"Hanna et al. (1983)","High Plastic Soil","Fine-grained","Sedimentary Soils"
"High Plastic Soil",54,26.968,"Hanna et al. (1983)","High Plastic Soil","Fine-grained","Sedimentary Soils"
"High Plastic Soil",54.5,27.7615,"Hanna et al. (1983)","High Plastic Soil","Fine-grained","Sedimentary Soils"
"High Plastic Soil",55,28.555,"Hanna et al. (1983)","High Plastic Soil","Fine-grained","Sedimentary Soils"
"High Plastic Soil",55.5,29.3485,"Hanna et al. (1983)","High Plastic Soil","Fine-grained","Sedimentary Soils"
"High Plastic Soil",56,30.142,"Hanna et al. (1983)","High Plastic Soil","Fine-grained","Sedimentary Soils"
"High Plastic Soil",56.5,30.9355,"Hanna et al. (1983)","High Plastic Soil","Fine-grained","Sedimentary Soils"
"High Plastic Soil",57,31.729,"Hanna et al. (1983)","High Plastic Soil","Fine-grained","Sedimentary Soils"
"High Plastic Soil",57.5,32.5225,"Hanna et al. (1983)","High Plastic Soil","Fine-grained","Sedimentary Soils"
"High Plastic Soil",58,33.316,"Hanna et al. (1983)","High Plastic Soil","Fine-grained","Sedimentary Soils"
"High Plastic Soil",58.5,34.1095,"Hanna et al. (1983)","High Plastic Soil","Fine-grained","Sedimentary Soils"
"High Plastic Soil",59,34.903,"Hanna et al. (1983)","High Plastic Soil","Fine-grained","Sedimentary Soils"
"High Plastic Soil",59.5,35.6965,"Hanna et al. (1983)","High Plastic Soil","Fine-grained","Sedimentary Soils"
"High Plastic Soil",60,36.49,"Hanna et al. (1983)","High Plastic Soil","Fine-grained","Sedimentary Soils"
"High Plastic Soil",60.5,37.2835,"Hanna et al. (1983)","High Plastic Soil","Fine-grained","Sedimentary Soils"
"High Plastic Soil",61,38.077,"Hanna et al. (1983)","High Plastic Soil","Fine-grained","Sedimentary Soils"
"High Plastic Soil",61.5,38.8705,"Hanna et al. (1983)","High Plastic Soil","Fine-grained","Sedimentary Soils"
"High Plastic Soil",62,39.664,"Hanna et al. (1983)","High Plastic Soil","Fine-grained","Sedimentary Soils"
"High Plastic Soil",62.5,40.4575,"Hanna et al. (1983)","High Plastic Soil","Fine-grained","Sedimentary Soils"
"High Plastic Soil",63,41.251,"Hanna et al. (1983)","High Plastic Soil","Fine-grained","Sedimentary Soils"
"High Plastic Soil",63.5,42.0445,"Hanna et al. (1983)","High Plastic Soil","Fine-grained","Sedimentary Soils"
"High Plastic Soil",64,42.838,"Hanna et al. (1983)","High Plastic Soil","Fine-grained","Sedimentary Soils"
"High Plastic Soil",64.5,43.6315,"Hanna et al. (1983)","High Plastic Soil","Fine-grained","Sedimentary Soils"
"High Plastic Soil",65,44.425,"Hanna et al. (1983)","High Plastic Soil","Fine-grained","Sedimentary Soils"
"High Plastic Soil",65.5,45.2185,"Hanna et al. (1983)","High Plastic Soil","Fine-grained","Sedimentary Soils"
"High Plastic Soil",66,46.012,"Hanna et al. (1983)","High Plastic Soil","Fine-grained","Sedimentary Soils"
"High Plastic Soil",66.5,46.8055,"Hanna et al. (1983)","High Plastic Soil","Fine-grained","Sedimentary Soils"
"High Plastic Soil",67,47.599,"Hanna et al. (1983)","High Plastic Soil","Fine-grained","Sedimentary Soils"
"High Plastic Soil",67.5,48.3925,"Hanna et al. (1983)","High Plastic Soil","Fine-grained","Sedimentary Soils"
"High Plastic Soil",68,49.186,"Hanna et al. (1983)","High Plastic Soil","Fine-grained","Sedimentary Soils"
"High Plastic Soil",68.5,49.9795,"Hanna et al. (1983)","High Plastic Soil","Fine-grained","Sedimentary Soils"
"High Plastic Soil",69,50.773,"Hanna et al. (1983)","High Plastic Soil","Fine-grained","Sedimentary Soils"
"High Plastic Soil",69.5,51.5665,"Hanna et al. (1983)","High Plastic Soil","Fine-grained","Sedimentary Soils"
"High Plastic Soil",70,52.36,"Hanna et al. (1983)","High Plastic Soil","Fine-grained","Sedimentary Soils"
"High Plastic Soil",70.5,53.1535,"Hanna et al. (1983)","High Plastic Soil","Fine-grained","Sedimentary Soils"
"High Plastic Soil",71,53.947,"Hanna et al. (1983)","High Plastic Soil","Fine-grained","Sedimentary Soils"
"High Plastic Soil",71.5,54.7405,"Hanna et al. (1983)","High Plastic Soil","Fine-grained","Sedimentary Soils"
"High Plastic Soil",72,55.534,"Hanna et al. (1983)","High Plastic Soil","Fine-grained","Sedimentary Soils"
"High Plastic Soil",72.5,56.3275,"Hanna et al. (1983)","High Plastic Soil","Fine-grained","Sedimentary Soils"
"High Plastic Soil",73,57.121,"Hanna et al. (1983)","High Plastic Soil","Fine-grained","Sedimentary Soils"
"High Plastic Soil",73.5,57.9145,"Hanna et al. (1983)","High Plastic Soil","Fine-grained","Sedimentary Soils"
"High Plastic Soil",74,58.708,"Hanna et al. (1983)","High Plastic Soil","Fine-grained","Sedimentary Soils"
"High Plastic Soil",74.5,59.5015,"Hanna et al. (1983)","High Plastic Soil","Fine-grained","Sedimentary Soils"
"High Plastic Soil",75,60.295,"Hanna et al. (1983)","High Plastic Soil","Fine-grained","Sedimentary Soils"
"High Plastic Soil",75.5,61.0885,"Hanna et al. (1983)","High Plastic Soil","Fine-grained","Sedimentary Soils"
"High Plastic Soil",76,61.882,"Hanna et al. (1983)","High Plastic Soil","Fine-grained","Sedimentary Soils"
"High Plastic Soil",76.5,62.6755,"Hanna et al. (1983)","High Plastic Soil","Fine-grained","Sedimentary Soils"
"High Plastic Soil",77,63.469,"Hanna et al. (1983)","High Plastic Soil","Fine-grained","Sedimentary Soils"
"High Plastic Soil",77.5,64.2625,"Hanna et al. (1983)","High Plastic Soil","Fine-grained","Sedimentary Soils"
"High Plastic Soil",78,65.056,"Hanna et al. (1983)","High Plastic Soil","Fine-grained","Sedimentary Soils"
"High Plastic Soil",78.5,65.8495,"Hanna et al. (1983)","High Plastic Soil","Fine-grained","Sedimentary Soils"
"High Plastic Soil",79,66.643,"Hanna et al. (1983)","High Plastic Soil","Fine-grained","Sedimentary Soils"
"High Plastic Soil",79.5,67.4365,"Hanna et al. (1983)","High Plastic Soil","Fine-grained","Sedimentary Soils"
"High Plastic Soil",80,68.23,"Hanna et al. (1983)","High Plastic Soil","Fine-grained","Sedimentary Soils"
"High Plastic Soil",80.5,69.0235,"Hanna et al. (1983)","High Plastic Soil","Fine-grained","Sedimentary Soils"
"High Plastic Soil",81,69.817,"Hanna et al. (1983)","High Plastic Soil","Fine-grained","Sedimentary Soils"
"High Plastic Soil",81.5,70.6105,"Hanna et al. (1983)","High Plastic Soil","Fine-grained","Sedimentary Soils"
"High Plastic Soil",82,71.404,"Hanna et al. (1983)","High Plastic Soil","Fine-grained","Sedimentary Soils"
"High Plastic Soil",82.5,72.1975,"Hanna et al. (1983)","High Plastic Soil","Fine-grained","Sedimentary Soils"
"High Plastic Soil",83,72.991,"Hanna et al. (1983)","High Plastic Soil","Fine-grained","Sedimentary Soils"
"High Plastic Soil",83.5,73.7845,"Hanna et al. (1983)","High Plastic Soil","Fine-grained","Sedimentary Soils"
"High Plastic Soil",84,74.578,"Hanna et al. (1983)","High Plastic Soil","Fine-grained","Sedimentary Soils"
"High Plastic Soil",84.5,75.3715,"Hanna et al. (1983)","High Plastic Soil","Fine-grained","Sedimentary Soils"
"High Plastic Soil",85,76.165,"Hanna et al. (1983)","High Plastic Soil","Fine-grained","Sedimentary Soils"
"High Plastic Soil",85.5,76.9585,"Hanna et al. (1983)","High Plastic Soil","Fine-grained","Sedimentary Soils"
"High Plastic Soil",86,77.752,"Hanna et al. (1983)","High Plastic Soil","Fine-grained","Sedimentary Soils"
"High Plastic Soil",86.5,78.5455,"Hanna et al. (1983)","High Plastic Soil","Fine-grained","Sedimentary Soils"
"High Plastic Soil",87,79.339,"Hanna et al. (1983)","High Plastic Soil","Fine-grained","Sedimentary Soils"
"High Plastic Soil",87.5,80.1325,"Hanna et al. (1983)","High Plastic Soil","Fine-grained","Sedimentary Soils"
"High Plastic Soil",88,80.926,"Hanna et al. (1983)","High Plastic Soil","Fine-grained","Sedimentary Soils"
"High Plastic Soil",88.5,81.7195,"Hanna et al. (1983)","High Plastic Soil","Fine-grained","Sedimentary Soils"
"High Plastic Soil",89,82.513,"Hanna et al. (1983)","High Plastic Soil","Fine-grained","Sedimentary Soils"
"High Plastic Soil",89.5,83.3065,"Hanna et al. (1983)","High Plastic Soil","Fine-grained","Sedimentary Soils"
"High Plastic Soil",90,84.1,"Hanna et al. (1983)","High Plastic Soil","Fine-grained","Sedimentary Soils"
"High Plastic Soil",90.5,84.8935,"Hanna et al. (1983)","High Plastic Soil","Fine-grained","Sedimentary Soils"
"High Plastic Soil",91,85.687,"Hanna et al. (1983)","High Plastic Soil","Fine-grained","Sedimentary Soils"
"High Plastic Soil",91.5,86.4805,"Hanna et al. (1983)","High Plastic Soil","Fine-grained","Sedimentary Soils"
"High Plastic Soil",92,87.274,"Hanna et al. (1983)","High Plastic Soil","Fine-grained","Sedimentary Soils"
"High Plastic Soil",92.5,88.0675,"Hanna et al. (1983)","High Plastic Soil","Fine-grained","Sedimentary Soils"
"High Plastic Soil",93,88.861,"Hanna et al. (1983)","High Plastic Soil","Fine-grained","Sedimentary Soils"
"High Plastic Soil",93.5,89.6545,"Hanna et al. (1983)","High Plastic Soil","Fine-grained","Sedimentary Soils"
"High Plastic Soil",94,90.448,"Hanna et al. (1983)","High Plastic Soil","Fine-grained","Sedimentary Soils"
"High Plastic Soil",94.5,91.2415,"Hanna et al. (1983)","High Plastic Soil","Fine-grained","Sedimentary Soils"
"High Plastic Soil",95,92.035,"Hanna et al. (1983)","High Plastic Soil","Fine-grained","Sedimentary Soils"
"High Plastic Soil",95.5,92.8285,"Hanna et al. (1983)","High Plastic Soil","Fine-grained","Sedimentary Soils"
"High Plastic Soil",96,93.622,"Hanna et al. (1983)","High Plastic Soil","Fine-grained","Sedimentary Soils"
"High Plastic Soil",96.5,94.4155,"Hanna et al. (1983)","High Plastic Soil","Fine-grained","Sedimentary Soils"
"High Plastic Soil",97,95.209,"Hanna et al. (1983)","High Plastic Soil","Fine-grained","Sedimentary Soils"
"High Plastic Soil",97.5,96.0025,"Hanna et al. (1983)","High Plastic Soil","Fine-grained","Sedimentary Soils"
"High Plastic Soil",98,96.796,"Hanna et al. (1983)","High Plastic Soil","Fine-grained","Sedimentary Soils"
"High Plastic Soil",98.5,97.5895,"Hanna et al. (1983)","High Plastic Soil","Fine-grained","Sedimentary Soils"
"High Plastic Soil",99,98.383,"Hanna et al. (1983)","High Plastic Soil","Fine-grained","Sedimentary Soils"
"High Plastic Soil",99.5,99.1765,"Hanna et al. (1983)","High Plastic Soil","Fine-grained","Sedimentary Soils"
"High Plastic Soil",100,99.97,"Hanna et al. (1983)","High Plastic Soil","Fine-grained","Sedimentary Soils"
"High Plastic Soil",100.5,NA,"Hanna et al. (1983)","High Plastic Soil","Fine-grained","Sedimentary Soils"
"Low Plastic Fines",0.5,-19.55555,"Hanna et al. (1983)","Low Plastic Fines","Fine-grained","Sedimentary Soils"
"Low Plastic Fines",1,-19.25,"Hanna et al. (1983)","Low Plastic Fines","Fine-grained","Sedimentary Soils"
"Low Plastic Fines",1.5,-18.94445,"Hanna et al. (1983)","Low Plastic Fines","Fine-grained","Sedimentary Soils"
"Low Plastic Fines",2,-18.6389,"Hanna et al. (1983)","Low Plastic Fines","Fine-grained","Sedimentary Soils"
"Low Plastic Fines",2.5,-18.33335,"Hanna et al. (1983)","Low Plastic Fines","Fine-grained","Sedimentary Soils"
"Low Plastic Fines",3,-18.0278,"Hanna et al. (1983)","Low Plastic Fines","Fine-grained","Sedimentary Soils"
"Low Plastic Fines",3.5,-17.72225,"Hanna et al. (1983)","Low Plastic Fines","Fine-grained","Sedimentary Soils"
"Low Plastic Fines",4,-17.4167,"Hanna et al. (1983)","Low Plastic Fines","Fine-grained","Sedimentary Soils"
"Low Plastic Fines",4.5,-17.11115,"Hanna et al. (1983)","Low Plastic Fines","Fine-grained","Sedimentary Soils"
"Low Plastic Fines",5,-16.8056,"Hanna et al. (1983)","Low Plastic Fines","Fine-grained","Sedimentary Soils"
"Low Plastic Fines",5.5,-16.50005,"Hanna et al. (1983)","Low Plastic Fines","Fine-grained","Sedimentary Soils"
"Low Plastic Fines",6,-16.1945,"Hanna et al. (1983)","Low Plastic Fines","Fine-grained","Sedimentary Soils"
"Low Plastic Fines",6.5,-15.88895,"Hanna et al. (1983)","Low Plastic Fines","Fine-grained","Sedimentary Soils"
"Low Plastic Fines",7,-15.5834,"Hanna et al. (1983)","Low Plastic Fines","Fine-grained","Sedimentary Soils"
"Low Plastic Fines",7.5,-15.27785,"Hanna et al. (1983)","Low Plastic Fines","Fine-grained","Sedimentary Soils"
"Low Plastic Fines",8,-14.9723,"Hanna et al. (1983)","Low Plastic Fines","Fine-grained","Sedimentary Soils"
"Low Plastic Fines",8.5,-14.66675,"Hanna et al. (1983)","Low Plastic Fines","Fine-grained","Sedimentary Soils"
"Low Plastic Fines",9,-14.3612,"Hanna et al. (1983)","Low Plastic Fines","Fine-grained","Sedimentary Soils"
"Low Plastic Fines",9.5,-14.05565,"Hanna et al. (1983)","Low Plastic Fines","Fine-grained","Sedimentary Soils"
"Low Plastic Fines",10,-13.7501,"Hanna et al. (1983)","Low Plastic Fines","Fine-grained","Sedimentary Soils"
"Low Plastic Fines",10.5,-13.44455,"Hanna et al. (1983)","Low Plastic Fines","Fine-grained","Sedimentary Soils"
"Low Plastic Fines",11,-13.139,"Hanna et al. (1983)","Low Plastic Fines","Fine-grained","Sedimentary Soils"
"Low Plastic Fines",11.5,-12.83345,"Hanna et al. (1983)","Low Plastic Fines","Fine-grained","Sedimentary Soils"
"Low Plastic Fines",12,-12.5279,"Hanna et al. (1983)","Low Plastic Fines","Fine-grained","Sedimentary Soils"
"Low Plastic Fines",12.5,-12.22235,"Hanna et al. (1983)","Low Plastic Fines","Fine-grained","Sedimentary Soils"
"Low Plastic Fines",13,-11.9168,"Hanna et al. (1983)","Low Plastic Fines","Fine-grained","Sedimentary Soils"
"Low Plastic Fines",13.5,-11.61125,"Hanna et al. (1983)","Low Plastic Fines","Fine-grained","Sedimentary Soils"
"Low Plastic Fines",14,-11.3057,"Hanna et al. (1983)","Low Plastic Fines","Fine-grained","Sedimentary Soils"
"Low Plastic Fines",14.5,-11.00015,"Hanna et al. (1983)","Low Plastic Fines","Fine-grained","Sedimentary Soils"
"Low Plastic Fines",15,-10.6946,"Hanna et al. (1983)","Low Plastic Fines","Fine-grained","Sedimentary Soils"
"Low Plastic Fines",15.5,-10.38905,"Hanna et al. (1983)","Low Plastic Fines","Fine-grained","Sedimentary Soils"
"Low Plastic Fines",16,-10.0835,"Hanna et al. (1983)","Low Plastic Fines","Fine-grained","Sedimentary Soils"
"Low Plastic Fines",16.5,-9.77795,"Hanna et al. (1983)","Low Plastic Fines","Fine-grained","Sedimentary Soils"
"Low Plastic Fines",17,-9.4724,"Hanna et al. (1983)","Low Plastic Fines","Fine-grained","Sedimentary Soils"
"Low Plastic Fines",17.5,-9.16685,"Hanna et al. (1983)","Low Plastic Fines","Fine-grained","Sedimentary Soils"
"Low Plastic Fines",18,-8.8613,"Hanna et al. (1983)","Low Plastic Fines","Fine-grained","Sedimentary Soils"
"Low Plastic Fines",18.5,-8.55575,"Hanna et al. (1983)","Low Plastic Fines","Fine-grained","Sedimentary Soils"
"Low Plastic Fines",19,-8.2502,"Hanna et al. (1983)","Low Plastic Fines","Fine-grained","Sedimentary Soils"
"Low Plastic Fines",19.5,-7.94465,"Hanna et al. (1983)","Low Plastic Fines","Fine-grained","Sedimentary Soils"
"Low Plastic Fines",20,-7.6391,"Hanna et al. (1983)","Low Plastic Fines","Fine-grained","Sedimentary Soils"
"Low Plastic Fines",20.5,-7.33355,"Hanna et al. (1983)","Low Plastic Fines","Fine-grained","Sedimentary Soils"
"Low Plastic Fines",21,-7.028,"Hanna et al. (1983)","Low Plastic Fines","Fine-grained","Sedimentary Soils"
"Low Plastic Fines",21.5,-6.72245,"Hanna et al. (1983)","Low Plastic Fines","Fine-grained","Sedimentary Soils"
"Low Plastic Fines",22,-6.4169,"Hanna et al. (1983)","Low Plastic Fines","Fine-grained","Sedimentary Soils"
"Low Plastic Fines",22.5,-6.11135,"Hanna et al. (1983)","Low Plastic Fines","Fine-grained","Sedimentary Soils"
"Low Plastic Fines",23,-5.8058,"Hanna et al. (1983)","Low Plastic Fines","Fine-grained","Sedimentary Soils"
"Low Plastic Fines",23.5,-5.50025,"Hanna et al. (1983)","Low Plastic Fines","Fine-grained","Sedimentary Soils"
"Low Plastic Fines",24,-5.1947,"Hanna et al. (1983)","Low Plastic Fines","Fine-grained","Sedimentary Soils"
"Low Plastic Fines",24.5,-4.88915,"Hanna et al. (1983)","Low Plastic Fines","Fine-grained","Sedimentary Soils"
"Low Plastic Fines",25,-4.5836,"Hanna et al. (1983)","Low Plastic Fines","Fine-grained","Sedimentary Soils"
"Low Plastic Fines",25.5,-4.27805,"Hanna et al. (1983)","Low Plastic Fines","Fine-grained","Sedimentary Soils"
"Low Plastic Fines",26,-3.9725,"Hanna et al. (1983)","Low Plastic Fines","Fine-grained","Sedimentary Soils"
"Low Plastic Fines",26.5,-3.66695,"Hanna et al. (1983)","Low Plastic Fines","Fine-grained","Sedimentary Soils"
"Low Plastic Fines",27,-3.3614,"Hanna et al. (1983)","Low Plastic Fines","Fine-grained","Sedimentary Soils"
"Low Plastic Fines",27.5,-3.05585,"Hanna et al. (1983)","Low Plastic Fines","Fine-grained","Sedimentary Soils"
"Low Plastic Fines",28,-2.7503,"Hanna et al. (1983)","Low Plastic Fines","Fine-grained","Sedimentary Soils"
"Low Plastic Fines",28.5,-2.44475,"Hanna et al. (1983)","Low Plastic Fines","Fine-grained","Sedimentary Soils"
"Low Plastic Fines",29,-2.1392,"Hanna et al. (1983)","Low Plastic Fines","Fine-grained","Sedimentary Soils"
"Low Plastic Fines",29.5,-1.83365,"Hanna et al. (1983)","Low Plastic Fines","Fine-grained","Sedimentary Soils"
"Low Plastic Fines",30,-1.5281,"Hanna et al. (1983)","Low Plastic Fines","Fine-grained","Sedimentary Soils"
"Low Plastic Fines",30.5,-1.22255,"Hanna et al. (1983)","Low Plastic Fines","Fine-grained","Sedimentary Soils"
"Low Plastic Fines",31,-0.917000000000002,"Hanna et al. (1983)","Low Plastic Fines","Fine-grained","Sedimentary Soils"
"Low Plastic Fines",31.5,-0.611450000000001,"Hanna et al. (1983)","Low Plastic Fines","Fine-grained","Sedimentary Soils"
"Low Plastic Fines",32,-0.305900000000001,"Hanna et al. (1983)","Low Plastic Fines","Fine-grained","Sedimentary Soils"
"Low Plastic Fines",32.5,-0.000350000000000961,"Hanna et al. (1983)","Low Plastic Fines","Fine-grained","Sedimentary Soils"
"Low Plastic Fines",33,0.305199999999999,"Hanna et al. (1983)","Low Plastic Fines","Fine-grained","Sedimentary Soils"
"Low Plastic Fines",33.5,0.610749999999999,"Hanna et al. (1983)","Low Plastic Fines","Fine-grained","Sedimentary Soils"
"Low Plastic Fines",34,0.9163,"Hanna et al. (1983)","Low Plastic Fines","Fine-grained","Sedimentary Soils"
"Low Plastic Fines",34.5,1.22185,"Hanna et al. (1983)","Low Plastic Fines","Fine-grained","Sedimentary Soils"
"Low Plastic Fines",35,1.5274,"Hanna et al. (1983)","Low Plastic Fines","Fine-grained","Sedimentary Soils"
"Low Plastic Fines",35.5,1.83295,"Hanna et al. (1983)","Low Plastic Fines","Fine-grained","Sedimentary Soils"
"Low Plastic Fines",36,2.1385,"Hanna et al. (1983)","Low Plastic Fines","Fine-grained","Sedimentary Soils"
"Low Plastic Fines",36.5,2.44405,"Hanna et al. (1983)","Low Plastic Fines","Fine-grained","Sedimentary Soils"
"Low Plastic Fines",37,2.7496,"Hanna et al. (1983)","Low Plastic Fines","Fine-grained","Sedimentary Soils"
"Low Plastic Fines",37.5,3.05515,"Hanna et al. (1983)","Low Plastic Fines","Fine-grained","Sedimentary Soils"
"Low Plastic Fines",38,3.3607,"Hanna et al. (1983)","Low Plastic Fines","Fine-grained","Sedimentary Soils"
"Low Plastic Fines",38.5,3.66625,"Hanna et al. (1983)","Low Plastic Fines","Fine-grained","Sedimentary Soils"
"Low Plastic Fines",39,3.9718,"Hanna et al. (1983)","Low Plastic Fines","Fine-grained","Sedimentary Soils"
"Low Plastic Fines",39.5,4.27735,"Hanna et al. (1983)","Low Plastic Fines","Fine-grained","Sedimentary Soils"
"Low Plastic Fines",40,4.5829,"Hanna et al. (1983)","Low Plastic Fines","Fine-grained","Sedimentary Soils"
"Low Plastic Fines",40.5,4.88845,"Hanna et al. (1983)","Low Plastic Fines","Fine-grained","Sedimentary Soils"
"Low Plastic Fines",41,5.194,"Hanna et al. (1983)","Low Plastic Fines","Fine-grained","Sedimentary Soils"
"Low Plastic Fines",41.5,5.49955,"Hanna et al. (1983)","Low Plastic Fines","Fine-grained","Sedimentary Soils"
"Low Plastic Fines",42,6.292,"Hanna et al. (1983)","Low Plastic Fines","Fine-grained","Sedimentary Soils"
"Low Plastic Fines",42.5,7.09950000000001,"Hanna et al. (1983)","Low Plastic Fines","Fine-grained","Sedimentary Soils"
"Low Plastic Fines",43,7.907,"Hanna et al. (1983)","Low Plastic Fines","Fine-grained","Sedimentary Soils"
"Low Plastic Fines",43.5,8.7145,"Hanna et al. (1983)","Low Plastic Fines","Fine-grained","Sedimentary Soils"
"Low Plastic Fines",44,9.52200000000001,"Hanna et al. (1983)","Low Plastic Fines","Fine-grained","Sedimentary Soils"
"Low Plastic Fines",44.5,10.3295,"Hanna et al. (1983)","Low Plastic Fines","Fine-grained","Sedimentary Soils"
"Low Plastic Fines",45,11.137,"Hanna et al. (1983)","Low Plastic Fines","Fine-grained","Sedimentary Soils"
"Low Plastic Fines",45.5,11.9445,"Hanna et al. (1983)","Low Plastic Fines","Fine-grained","Sedimentary Soils"
"Low Plastic Fines",46,12.752,"Hanna et al. (1983)","Low Plastic Fines","Fine-grained","Sedimentary Soils"
"Low Plastic Fines",46.5,13.5595,"Hanna et al. (1983)","Low Plastic Fines","Fine-grained","Sedimentary Soils"
"Low Plastic Fines",47,14.367,"Hanna et al. (1983)","Low Plastic Fines","Fine-grained","Sedimentary Soils"
"Low Plastic Fines",47.5,15.1745,"Hanna et al. (1983)","Low Plastic Fines","Fine-grained","Sedimentary Soils"
"Low Plastic Fines",48,15.982,"Hanna et al. (1983)","Low Plastic Fines","Fine-grained","Sedimentary Soils"
"Low Plastic Fines",48.5,16.7895,"Hanna et al. (1983)","Low Plastic Fines","Fine-grained","Sedimentary Soils"
"Low Plastic Fines",49,17.597,"Hanna et al. (1983)","Low Plastic Fines","Fine-grained","Sedimentary Soils"
"Low Plastic Fines",49.5,18.4045,"Hanna et al. (1983)","Low Plastic Fines","Fine-grained","Sedimentary Soils"
"Low Plastic Fines",50,19.212,"Hanna et al. (1983)","Low Plastic Fines","Fine-grained","Sedimentary Soils"
"Low Plastic Fines",50.5,20.0195,"Hanna et al. (1983)","Low Plastic Fines","Fine-grained","Sedimentary Soils"
"Low Plastic Fines",51,20.827,"Hanna et al. (1983)","Low Plastic Fines","Fine-grained","Sedimentary Soils"
"Low Plastic Fines",51.5,21.6345,"Hanna et al. (1983)","Low Plastic Fines","Fine-grained","Sedimentary Soils"
"Low Plastic Fines",52,22.442,"Hanna et al. (1983)","Low Plastic Fines","Fine-grained","Sedimentary Soils"
"Low Plastic Fines",52.5,23.2495,"Hanna et al. (1983)","Low Plastic Fines","Fine-grained","Sedimentary Soils"
"Low Plastic Fines",53,24.057,"Hanna et al. (1983)","Low Plastic Fines","Fine-grained","Sedimentary Soils"
"Low Plastic Fines",53.5,24.8645,"Hanna et al. (1983)","Low Plastic Fines","Fine-grained","Sedimentary Soils"
"Low Plastic Fines",54,25.672,"Hanna et al. (1983)","Low Plastic Fines","Fine-grained","Sedimentary Soils"
"Low Plastic Fines",54.5,26.4795,"Hanna et al. (1983)","Low Plastic Fines","Fine-grained","Sedimentary Soils"
"Low Plastic Fines",55,27.287,"Hanna et al. (1983)","Low Plastic Fines","Fine-grained","Sedimentary Soils"
"Low Plastic Fines",55.5,28.0945,"Hanna et al. (1983)","Low Plastic Fines","Fine-grained","Sedimentary Soils"
"Low Plastic Fines",56,28.902,"Hanna et al. (1983)","Low Plastic Fines","Fine-grained","Sedimentary Soils"
"Low Plastic Fines",56.5,29.7095,"Hanna et al. (1983)","Low Plastic Fines","Fine-grained","Sedimentary Soils"
"Low Plastic Fines",57,30.517,"Hanna et al. (1983)","Low Plastic Fines","Fine-grained","Sedimentary Soils"
"Low Plastic Fines",57.5,31.3245,"Hanna et al. (1983)","Low Plastic Fines","Fine-grained","Sedimentary Soils"
"Low Plastic Fines",58,32.132,"Hanna et al. (1983)","Low Plastic Fines","Fine-grained","Sedimentary Soils"
"Low Plastic Fines",58.5,32.9395,"Hanna et al. (1983)","Low Plastic Fines","Fine-grained","Sedimentary Soils"
"Low Plastic Fines",59,33.747,"Hanna et al. (1983)","Low Plastic Fines","Fine-grained","Sedimentary Soils"
"Low Plastic Fines",59.5,34.5545,"Hanna et al. (1983)","Low Plastic Fines","Fine-grained","Sedimentary Soils"
"Low Plastic Fines",60,35.362,"Hanna et al. (1983)","Low Plastic Fines","Fine-grained","Sedimentary Soils"
"Low Plastic Fines",60.5,36.1695,"Hanna et al. (1983)","Low Plastic Fines","Fine-grained","Sedimentary Soils"
"Low Plastic Fines",61,36.977,"Hanna et al. (1983)","Low Plastic Fines","Fine-grained","Sedimentary Soils"
"Low Plastic Fines",61.5,37.7845,"Hanna et al. (1983)","Low Plastic Fines","Fine-grained","Sedimentary Soils"
"Low Plastic Fines",62,38.592,"Hanna et al. (1983)","Low Plastic Fines","Fine-grained","Sedimentary Soils"
"Low Plastic Fines",62.5,39.3995,"Hanna et al. (1983)","Low Plastic Fines","Fine-grained","Sedimentary Soils"
"Low Plastic Fines",63,40.207,"Hanna et al. (1983)","Low Plastic Fines","Fine-grained","Sedimentary Soils"
"Low Plastic Fines",63.5,41.0145,"Hanna et al. (1983)","Low Plastic Fines","Fine-grained","Sedimentary Soils"
"Low Plastic Fines",64,41.822,"Hanna et al. (1983)","Low Plastic Fines","Fine-grained","Sedimentary Soils"
"Low Plastic Fines",64.5,42.6295,"Hanna et al. (1983)","Low Plastic Fines","Fine-grained","Sedimentary Soils"
"Low Plastic Fines",65,43.437,"Hanna et al. (1983)","Low Plastic Fines","Fine-grained","Sedimentary Soils"
"Low Plastic Fines",65.5,44.2445,"Hanna et al. (1983)","Low Plastic Fines","Fine-grained","Sedimentary Soils"
"Low Plastic Fines",66,45.052,"Hanna et al. (1983)","Low Plastic Fines","Fine-grained","Sedimentary Soils"
"Low Plastic Fines",66.5,45.8595,"Hanna et al. (1983)","Low Plastic Fines","Fine-grained","Sedimentary Soils"
"Low Plastic Fines",67,46.667,"Hanna et al. (1983)","Low Plastic Fines","Fine-grained","Sedimentary Soils"
"Low Plastic Fines",67.5,47.4745,"Hanna et al. (1983)","Low Plastic Fines","Fine-grained","Sedimentary Soils"
"Low Plastic Fines",68,48.282,"Hanna et al. (1983)","Low Plastic Fines","Fine-grained","Sedimentary Soils"
"Low Plastic Fines",68.5,49.0895,"Hanna et al. (1983)","Low Plastic Fines","Fine-grained","Sedimentary Soils"
"Low Plastic Fines",69,49.897,"Hanna et al. (1983)","Low Plastic Fines","Fine-grained","Sedimentary Soils"
"Low Plastic Fines",69.5,50.7045,"Hanna et al. (1983)","Low Plastic Fines","Fine-grained","Sedimentary Soils"
"Low Plastic Fines",70,51.512,"Hanna et al. (1983)","Low Plastic Fines","Fine-grained","Sedimentary Soils"
"Low Plastic Fines",70.5,52.3195,"Hanna et al. (1983)","Low Plastic Fines","Fine-grained","Sedimentary Soils"
"Low Plastic Fines",71,53.127,"Hanna et al. (1983)","Low Plastic Fines","Fine-grained","Sedimentary Soils"
"Low Plastic Fines",71.5,53.9345,"Hanna et al. (1983)","Low Plastic Fines","Fine-grained","Sedimentary Soils"
"Low Plastic Fines",72,54.742,"Hanna et al. (1983)","Low Plastic Fines","Fine-grained","Sedimentary Soils"
"Low Plastic Fines",72.5,55.5495,"Hanna et al. (1983)","Low Plastic Fines","Fine-grained","Sedimentary Soils"
"Low Plastic Fines",73,56.357,"Hanna et al. (1983)","Low Plastic Fines","Fine-grained","Sedimentary Soils"
"Low Plastic Fines",73.5,57.1645,"Hanna et al. (1983)","Low Plastic Fines","Fine-grained","Sedimentary Soils"
"Low Plastic Fines",74,57.972,"Hanna et al. (1983)","Low Plastic Fines","Fine-grained","Sedimentary Soils"
"Low Plastic Fines",74.5,58.7795,"Hanna et al. (1983)","Low Plastic Fines","Fine-grained","Sedimentary Soils"
"Low Plastic Fines",75,59.587,"Hanna et al. (1983)","Low Plastic Fines","Fine-grained","Sedimentary Soils"
"Low Plastic Fines",75.5,60.3945,"Hanna et al. (1983)","Low Plastic Fines","Fine-grained","Sedimentary Soils"
"Low Plastic Fines",76,61.202,"Hanna et al. (1983)","Low Plastic Fines","Fine-grained","Sedimentary Soils"
"Low Plastic Fines",76.5,62.0095,"Hanna et al. (1983)","Low Plastic Fines","Fine-grained","Sedimentary Soils"
"Low Plastic Fines",77,62.817,"Hanna et al. (1983)","Low Plastic Fines","Fine-grained","Sedimentary Soils"
"Low Plastic Fines",77.5,63.6245,"Hanna et al. (1983)","Low Plastic Fines","Fine-grained","Sedimentary Soils"
"Low Plastic Fines",78,64.432,"Hanna et al. (1983)","Low Plastic Fines","Fine-grained","Sedimentary Soils"
"Low Plastic Fines",78.5,65.2395,"Hanna et al. (1983)","Low Plastic Fines","Fine-grained","Sedimentary Soils"
"Low Plastic Fines",79,66.047,"Hanna et al. (1983)","Low Plastic Fines","Fine-grained","Sedimentary Soils"
"Low Plastic Fines",79.5,66.8545,"Hanna et al. (1983)","Low Plastic Fines","Fine-grained","Sedimentary Soils"
"Low Plastic Fines",80,67.662,"Hanna et al. (1983)","Low Plastic Fines","Fine-grained","Sedimentary Soils"
"Low Plastic Fines",80.5,68.4695,"Hanna et al. (1983)","Low Plastic Fines","Fine-grained","Sedimentary Soils"
"Low Plastic Fines",81,69.277,"Hanna et al. (1983)","Low Plastic Fines","Fine-grained","Sedimentary Soils"
"Low Plastic Fines",81.5,70.0845,"Hanna et al. (1983)","Low Plastic Fines","Fine-grained","Sedimentary Soils"
"Low Plastic Fines",82,70.892,"Hanna et al. (1983)","Low Plastic Fines","Fine-grained","Sedimentary Soils"
"Low Plastic Fines",82.5,71.6995,"Hanna et al. (1983)","Low Plastic Fines","Fine-grained","Sedimentary Soils"
"Low Plastic Fines",83,72.507,"Hanna et al. (1983)","Low Plastic Fines","Fine-grained","Sedimentary Soils"
"Low Plastic Fines",83.5,73.3145,"Hanna et al. (1983)","Low Plastic Fines","Fine-grained","Sedimentary Soils"
"Low Plastic Fines",84,74.122,"Hanna et al. (1983)","Low Plastic Fines","Fine-grained","Sedimentary Soils"
"Low Plastic Fines",84.5,74.9295,"Hanna et al. (1983)","Low Plastic Fines","Fine-grained","Sedimentary Soils"
"Low Plastic Fines",85,75.737,"Hanna et al. (1983)","Low Plastic Fines","Fine-grained","Sedimentary Soils"
"Low Plastic Fines",85.5,76.5445,"Hanna et al. (1983)","Low Plastic Fines","Fine-grained","Sedimentary Soils"
"Low Plastic Fines",86,77.352,"Hanna et al. (1983)","Low Plastic Fines","Fine-grained","Sedimentary Soils"
"Low Plastic Fines",86.5,78.1595,"Hanna et al. (1983)","Low Plastic Fines","Fine-grained","Sedimentary Soils"
"Low Plastic Fines",87,78.967,"Hanna et al. (1983)","Low Plastic Fines","Fine-grained","Sedimentary Soils"
"Low Plastic Fines",87.5,79.7745,"Hanna et al. (1983)","Low Plastic Fines","Fine-grained","Sedimentary Soils"
"Low Plastic Fines",88,80.582,"Hanna et al. (1983)","Low Plastic Fines","Fine-grained","Sedimentary Soils"
"Low Plastic Fines",88.5,81.3895,"Hanna et al. (1983)","Low Plastic Fines","Fine-grained","Sedimentary Soils"
"Low Plastic Fines",89,82.197,"Hanna et al. (1983)","Low Plastic Fines","Fine-grained","Sedimentary Soils"
"Low Plastic Fines",89.5,83.0045,"Hanna et al. (1983)","Low Plastic Fines","Fine-grained","Sedimentary Soils"
"Low Plastic Fines",90,83.812,"Hanna et al. (1983)","Low Plastic Fines","Fine-grained","Sedimentary Soils"
"Low Plastic Fines",90.5,84.6195,"Hanna et al. (1983)","Low Plastic Fines","Fine-grained","Sedimentary Soils"
"Low Plastic Fines",91,85.427,"Hanna et al. (1983)","Low Plastic Fines","Fine-grained","Sedimentary Soils"
"Low Plastic Fines",91.5,86.2345,"Hanna et al. (1983)","Low Plastic Fines","Fine-grained","Sedimentary Soils"
"Low Plastic Fines",92,87.042,"Hanna et al. (1983)","Low Plastic Fines","Fine-grained","Sedimentary Soils"
"Low Plastic Fines",92.5,87.8495,"Hanna et al. (1983)","Low Plastic Fines","Fine-grained","Sedimentary Soils"
"Low Plastic Fines",93,88.657,"Hanna et al. (1983)","Low Plastic Fines","Fine-grained","Sedimentary Soils"
"Low Plastic Fines",93.5,89.4645,"Hanna et al. (1983)","Low Plastic Fines","Fine-grained","Sedimentary Soils"
"Low Plastic Fines",94,90.272,"Hanna et al. (1983)","Low Plastic Fines","Fine-grained","Sedimentary Soils"
"Low Plastic Fines",94.5,91.0795,"Hanna et al. (1983)","Low Plastic Fines","Fine-grained","Sedimentary Soils"
"Low Plastic Fines",95,91.887,"Hanna et al. (1983)","Low Plastic Fines","Fine-grained","Sedimentary Soils"
"Low Plastic Fines",95.5,92.6945,"Hanna et al. (1983)","Low Plastic Fines","Fine-grained","Sedimentary Soils"
"Low Plastic Fines",96,93.502,"Hanna et al. (1983)","Low Plastic Fines","Fine-grained","Sedimentary Soils"
"Low Plastic Fines",96.5,94.3095,"Hanna et al. (1983)","Low Plastic Fines","Fine-grained","Sedimentary Soils"
"Low Plastic Fines",97,95.117,"Hanna et al. (1983)","Low Plastic Fines","Fine-grained","Sedimentary Soils"
"Low Plastic Fines",97.5,95.9245,"Hanna et al. (1983)","Low Plastic Fines","Fine-grained","Sedimentary Soils"
"Low Plastic Fines",98,96.732,"Hanna et al. (1983)","Low Plastic Fines","Fine-grained","Sedimentary Soils"
"Low Plastic Fines",98.5,97.5395,"Hanna et al. (1983)","Low Plastic Fines","Fine-grained","Sedimentary Soils"
"Low Plastic Fines",99,98.347,"Hanna et al. (1983)","Low Plastic Fines","Fine-grained","Sedimentary Soils"
"Low Plastic Fines",99.5,99.1545,"Hanna et al. (1983)","Low Plastic Fines","Fine-grained","Sedimentary Soils"
"Low Plastic Fines",100,99.962,"Hanna et al. (1983)","Low Plastic Fines","Fine-grained","Sedimentary Soils"
"Low Plastic Fines",100.5,100.7695,"Hanna et al. (1983)","Low Plastic Fines","Fine-grained","Sedimentary Soils"
"Organic Silt",0.5,-85.986,"Hanna et al. (1983)","Organic Silt","Organic Soils","Peat and Organic Soils"
"Organic Silt",1,-85.167,"Hanna et al. (1983)","Organic Silt","Organic Soils","Peat and Organic Soils"
"Organic Silt",1.5,-84.348,"Hanna et al. (1983)","Organic Silt","Organic Soils","Peat and Organic Soils"
"Organic Silt",2,-83.529,"Hanna et al. (1983)","Organic Silt","Organic Soils","Peat and Organic Soils"
"Organic Silt",2.5,-82.71,"Hanna et al. (1983)","Organic Silt","Organic Soils","Peat and Organic Soils"
"Organic Silt",3,-81.891,"Hanna et al. (1983)","Organic Silt","Organic Soils","Peat and Organic Soils"
"Organic Silt",3.5,-81.072,"Hanna et al. (1983)","Organic Silt","Organic Soils","Peat and Organic Soils"
"Organic Silt",4,-80.253,"Hanna et al. (1983)","Organic Silt","Organic Soils","Peat and Organic Soils"
"Organic Silt",4.5,-79.434,"Hanna et al. (1983)","Organic Silt","Organic Soils","Peat and Organic Soils"
"Organic Silt",5,-78.615,"Hanna et al. (1983)","Organic Silt","Organic Soils","Peat and Organic Soils"
"Organic Silt",5.5,-77.796,"Hanna et al. (1983)","Organic Silt","Organic Soils","Peat and Organic Soils"
"Organic Silt",6,-76.977,"Hanna et al. (1983)","Organic Silt","Organic Soils","Peat and Organic Soils"
"Organic Silt",6.5,-76.158,"Hanna et al. (1983)","Organic Silt","Organic Soils","Peat and Organic Soils"
"Organic Silt",7,-75.339,"Hanna et al. (1983)","Organic Silt","Organic Soils","Peat and Organic Soils"
"Organic Silt",7.5,-74.52,"Hanna et al. (1983)","Organic Silt","Organic Soils","Peat and Organic Soils"
"Organic Silt",8,-73.701,"Hanna et al. (1983)","Organic Silt","Organic Soils","Peat and Organic Soils"
"Organic Silt",8.5,-72.882,"Hanna et al. (1983)","Organic Silt","Organic Soils","Peat and Organic Soils"
"Organic Silt",9,-72.063,"Hanna et al. (1983)","Organic Silt","Organic Soils","Peat and Organic Soils"
"Organic Silt",9.5,-71.244,"Hanna et al. (1983)","Organic Silt","Organic Soils","Peat and Organic Soils"
"Organic Silt",10,-70.425,"Hanna et al. (1983)","Organic Silt","Organic Soils","Peat and Organic Soils"
"Organic Silt",10.5,-69.606,"Hanna et al. (1983)","Organic Silt","Organic Soils","Peat and Organic Soils"
"Organic Silt",11,-68.787,"Hanna et al. (1983)","Organic Silt","Organic Soils","Peat and Organic Soils"
"Organic Silt",11.5,-67.968,"Hanna et al. (1983)","Organic Silt","Organic Soils","Peat and Organic Soils"
"Organic Silt",12,-67.149,"Hanna et al. (1983)","Organic Silt","Organic Soils","Peat and Organic Soils"
"Organic Silt",12.5,-66.33,"Hanna et al. (1983)","Organic Silt","Organic Soils","Peat and Organic Soils"
"Organic Silt",13,-65.511,"Hanna et al. (1983)","Organic Silt","Organic Soils","Peat and Organic Soils"
"Organic Silt",13.5,-64.692,"Hanna et al. (1983)","Organic Silt","Organic Soils","Peat and Organic Soils"
"Organic Silt",14,-63.873,"Hanna et al. (1983)","Organic Silt","Organic Soils","Peat and Organic Soils"
"Organic Silt",14.5,-63.054,"Hanna et al. (1983)","Organic Silt","Organic Soils","Peat and Organic Soils"
"Organic Silt",15,-62.235,"Hanna et al. (1983)","Organic Silt","Organic Soils","Peat and Organic Soils"
"Organic Silt",15.5,-61.416,"Hanna et al. (1983)","Organic Silt","Organic Soils","Peat and Organic Soils"
"Organic Silt",16,-60.597,"Hanna et al. (1983)","Organic Silt","Organic Soils","Peat and Organic Soils"
"Organic Silt",16.5,-59.778,"Hanna et al. (1983)","Organic Silt","Organic Soils","Peat and Organic Soils"
"Organic Silt",17,-58.959,"Hanna et al. (1983)","Organic Silt","Organic Soils","Peat and Organic Soils"
"Organic Silt",17.5,-58.14,"Hanna et al. (1983)","Organic Silt","Organic Soils","Peat and Organic Soils"
"Organic Silt",18,-57.321,"Hanna et al. (1983)","Organic Silt","Organic Soils","Peat and Organic Soils"
"Organic Silt",18.5,-56.502,"Hanna et al. (1983)","Organic Silt","Organic Soils","Peat and Organic Soils"
"Organic Silt",19,-55.683,"Hanna et al. (1983)","Organic Silt","Organic Soils","Peat and Organic Soils"
"Organic Silt",19.5,-54.864,"Hanna et al. (1983)","Organic Silt","Organic Soils","Peat and Organic Soils"
"Organic Silt",20,-54.045,"Hanna et al. (1983)","Organic Silt","Organic Soils","Peat and Organic Soils"
"Organic Silt",20.5,-53.226,"Hanna et al. (1983)","Organic Silt","Organic Soils","Peat and Organic Soils"
"Organic Silt",21,-52.407,"Hanna et al. (1983)","Organic Silt","Organic Soils","Peat and Organic Soils"
"Organic Silt",21.5,-51.588,"Hanna et al. (1983)","Organic Silt","Organic Soils","Peat and Organic Soils"
"Organic Silt",22,-50.769,"Hanna et al. (1983)","Organic Silt","Organic Soils","Peat and Organic Soils"
"Organic Silt",22.5,-49.95,"Hanna et al. (1983)","Organic Silt","Organic Soils","Peat and Organic Soils"
"Organic Silt",23,-49.131,"Hanna et al. (1983)","Organic Silt","Organic Soils","Peat and Organic Soils"
"Organic Silt",23.5,-48.312,"Hanna et al. (1983)","Organic Silt","Organic Soils","Peat and Organic Soils"
"Organic Silt",24,-47.493,"Hanna et al. (1983)","Organic Silt","Organic Soils","Peat and Organic Soils"
"Organic Silt",24.5,-46.674,"Hanna et al. (1983)","Organic Silt","Organic Soils","Peat and Organic Soils"
"Organic Silt",25,-45.855,"Hanna et al. (1983)","Organic Silt","Organic Soils","Peat and Organic Soils"
"Organic Silt",25.5,-45.036,"Hanna et al. (1983)","Organic Silt","Organic Soils","Peat and Organic Soils"
"Organic Silt",26,-44.217,"Hanna et al. (1983)","Organic Silt","Organic Soils","Peat and Organic Soils"
"Organic Silt",26.5,-43.398,"Hanna et al. (1983)","Organic Silt","Organic Soils","Peat and Organic Soils"
"Organic Silt",27,-42.579,"Hanna et al. (1983)","Organic Silt","Organic Soils","Peat and Organic Soils"
"Organic Silt",27.5,-41.76,"Hanna et al. (1983)","Organic Silt","Organic Soils","Peat and Organic Soils"
"Organic Silt",28,-40.941,"Hanna et al. (1983)","Organic Silt","Organic Soils","Peat and Organic Soils"
"Organic Silt",28.5,-40.122,"Hanna et al. (1983)","Organic Silt","Organic Soils","Peat and Organic Soils"
"Organic Silt",29,-39.303,"Hanna et al. (1983)","Organic Silt","Organic Soils","Peat and Organic Soils"
"Organic Silt",29.5,-38.484,"Hanna et al. (1983)","Organic Silt","Organic Soils","Peat and Organic Soils"
"Organic Silt",30,-37.665,"Hanna et al. (1983)","Organic Silt","Organic Soils","Peat and Organic Soils"
"Organic Silt",30.5,-36.846,"Hanna et al. (1983)","Organic Silt","Organic Soils","Peat and Organic Soils"
"Organic Silt",31,-36.027,"Hanna et al. (1983)","Organic Silt","Organic Soils","Peat and Organic Soils"
"Organic Silt",31.5,-35.208,"Hanna et al. (1983)","Organic Silt","Organic Soils","Peat and Organic Soils"
"Organic Silt",32,-34.389,"Hanna et al. (1983)","Organic Silt","Organic Soils","Peat and Organic Soils"
"Organic Silt",32.5,-33.57,"Hanna et al. (1983)","Organic Silt","Organic Soils","Peat and Organic Soils"
"Organic Silt",33,-32.751,"Hanna et al. (1983)","Organic Silt","Organic Soils","Peat and Organic Soils"
"Organic Silt",33.5,-31.932,"Hanna et al. (1983)","Organic Silt","Organic Soils","Peat and Organic Soils"
"Organic Silt",34,-31.113,"Hanna et al. (1983)","Organic Silt","Organic Soils","Peat and Organic Soils"
"Organic Silt",34.5,-30.294,"Hanna et al. (1983)","Organic Silt","Organic Soils","Peat and Organic Soils"
"Organic Silt",35,-29.475,"Hanna et al. (1983)","Organic Silt","Organic Soils","Peat and Organic Soils"
"Organic Silt",35.5,-28.656,"Hanna et al. (1983)","Organic Silt","Organic Soils","Peat and Organic Soils"
"Organic Silt",36,-27.837,"Hanna et al. (1983)","Organic Silt","Organic Soils","Peat and Organic Soils"
"Organic Silt",36.5,-27.018,"Hanna et al. (1983)","Organic Silt","Organic Soils","Peat and Organic Soils"
"Organic Silt",37,-26.199,"Hanna et al. (1983)","Organic Silt","Organic Soils","Peat and Organic Soils"
"Organic Silt",37.5,-25.38,"Hanna et al. (1983)","Organic Silt","Organic Soils","Peat and Organic Soils"
"Organic Silt",38,-24.561,"Hanna et al. (1983)","Organic Silt","Organic Soils","Peat and Organic Soils"
"Organic Silt",38.5,-23.742,"Hanna et al. (1983)","Organic Silt","Organic Soils","Peat and Organic Soils"
"Organic Silt",39,-22.923,"Hanna et al. (1983)","Organic Silt","Organic Soils","Peat and Organic Soils"
"Organic Silt",39.5,-22.104,"Hanna et al. (1983)","Organic Silt","Organic Soils","Peat and Organic Soils"
"Organic Silt",40,-21.285,"Hanna et al. (1983)","Organic Silt","Organic Soils","Peat and Organic Soils"
"Organic Silt",40.5,-20.466,"Hanna et al. (1983)","Organic Silt","Organic Soils","Peat and Organic Soils"
"Organic Silt",41,-19.647,"Hanna et al. (1983)","Organic Silt","Organic Soils","Peat and Organic Soils"
"Organic Silt",41.5,-18.828,"Hanna et al. (1983)","Organic Silt","Organic Soils","Peat and Organic Soils"
"Organic Silt",42,-18.009,"Hanna et al. (1983)","Organic Silt","Organic Soils","Peat and Organic Soils"
"Organic Silt",42.5,-17.19,"Hanna et al. (1983)","Organic Silt","Organic Soils","Peat and Organic Soils"
"Organic Silt",43,-16.371,"Hanna et al. (1983)","Organic Silt","Organic Soils","Peat and Organic Soils"
"Organic Silt",43.5,-15.552,"Hanna et al. (1983)","Organic Silt","Organic Soils","Peat and Organic Soils"
"Organic Silt",44,-14.733,"Hanna et al. (1983)","Organic Silt","Organic Soils","Peat and Organic Soils"
"Organic Silt",44.5,-13.914,"Hanna et al. (1983)","Organic Silt","Organic Soils","Peat and Organic Soils"
"Organic Silt",45,-13.095,"Hanna et al. (1983)","Organic Silt","Organic Soils","Peat and Organic Soils"
"Organic Silt",45.5,-12.276,"Hanna et al. (1983)","Organic Silt","Organic Soils","Peat and Organic Soils"
"Organic Silt",46,-11.457,"Hanna et al. (1983)","Organic Silt","Organic Soils","Peat and Organic Soils"
"Organic Silt",46.5,-10.638,"Hanna et al. (1983)","Organic Silt","Organic Soils","Peat and Organic Soils"
"Organic Silt",47,-9.81900000000002,"Hanna et al. (1983)","Organic Silt","Organic Soils","Peat and Organic Soils"
"Organic Silt",47.5,-9.00000000000001,"Hanna et al. (1983)","Organic Silt","Organic Soils","Peat and Organic Soils"
"Organic Silt",48,-8.18100000000001,"Hanna et al. (1983)","Organic Silt","Organic Soils","Peat and Organic Soils"
"Organic Silt",48.5,-7.36200000000001,"Hanna et al. (1983)","Organic Silt","Organic Soils","Peat and Organic Soils"
"Organic Silt",49,-6.54300000000001,"Hanna et al. (1983)","Organic Silt","Organic Soils","Peat and Organic Soils"
"Organic Silt",49.5,-5.72400000000002,"Hanna et al. (1983)","Organic Silt","Organic Soils","Peat and Organic Soils"
"Organic Silt",50,-4.90500000000002,"Hanna et al. (1983)","Organic Silt","Organic Soils","Peat and Organic Soils"
"Organic Silt",50.5,-4.08600000000001,"Hanna et al. (1983)","Organic Silt","Organic Soils","Peat and Organic Soils"
"Organic Silt",51,-3.26700000000001,"Hanna et al. (1983)","Organic Silt","Organic Soils","Peat and Organic Soils"
"Organic Silt",51.5,-2.44800000000001,"Hanna et al. (1983)","Organic Silt","Organic Soils","Peat and Organic Soils"
"Organic Silt",52,-1.62900000000002,"Hanna et al. (1983)","Organic Silt","Organic Soils","Peat and Organic Soils"
"Organic Silt",52.5,-0.810000000000016,"Hanna et al. (1983)","Organic Silt","Organic Soils","Peat and Organic Soils"
"Organic Silt",53,0.00899999999998613,"Hanna et al. (1983)","Organic Silt","Organic Soils","Peat and Organic Soils"
"Organic Silt",53.5,0.827999999999989,"Hanna et al. (1983)","Organic Silt","Organic Soils","Peat and Organic Soils"
"Organic Silt",54,1.64699999999999,"Hanna et al. (1983)","Organic Silt","Organic Soils","Peat and Organic Soils"
"Organic Silt",54.5,2.46599999999999,"Hanna et al. (1983)","Organic Silt","Organic Soils","Peat and Organic Soils"
"Organic Silt",55,3.28499999999998,"Hanna et al. (1983)","Organic Silt","Organic Soils","Peat and Organic Soils"
"Organic Silt",55.5,4.10399999999998,"Hanna et al. (1983)","Organic Silt","Organic Soils","Peat and Organic Soils"
"Organic Silt",56,4.92299999999999,"Hanna et al. (1983)","Organic Silt","Organic Soils","Peat and Organic Soils"
"Organic Silt",56.5,5.74199999999999,"Hanna et al. (1983)","Organic Silt","Organic Soils","Peat and Organic Soils"
"Organic Silt",57,6.56099999999999,"Hanna et al. (1983)","Organic Silt","Organic Soils","Peat and Organic Soils"
"Organic Silt",57.5,7.37999999999998,"Hanna et al. (1983)","Organic Silt","Organic Soils","Peat and Organic Soils"
"Organic Silt",58,8.19899999999998,"Hanna et al. (1983)","Organic Silt","Organic Soils","Peat and Organic Soils"
"Organic Silt",58.5,9.01799999999999,"Hanna et al. (1983)","Organic Silt","Organic Soils","Peat and Organic Soils"
"Organic Silt",59,9.83699999999999,"Hanna et al. (1983)","Organic Silt","Organic Soils","Peat and Organic Soils"
"Organic Silt",59.5,10.656,"Hanna et al. (1983)","Organic Silt","Organic Soils","Peat and Organic Soils"
"Organic Silt",60,11.475,"Hanna et al. (1983)","Organic Silt","Organic Soils","Peat and Organic Soils"
"Organic Silt",60.5,12.294,"Hanna et al. (1983)","Organic Silt","Organic Soils","Peat and Organic Soils"
"Organic Silt",61,13.113,"Hanna et al. (1983)","Organic Silt","Organic Soils","Peat and Organic Soils"
"Organic Silt",61.5,13.932,"Hanna et al. (1983)","Organic Silt","Organic Soils","Peat and Organic Soils"
"Organic Silt",62,14.751,"Hanna et al. (1983)","Organic Silt","Organic Soils","Peat and Organic Soils"
"Organic Silt",62.5,15.57,"Hanna et al. (1983)","Organic Silt","Organic Soils","Peat and Organic Soils"
"Organic Silt",63,16.389,"Hanna et al. (1983)","Organic Silt","Organic Soils","Peat and Organic Soils"
"Organic Silt",63.5,17.208,"Hanna et al. (1983)","Organic Silt","Organic Soils","Peat and Organic Soils"
"Organic Silt",64,18.027,"Hanna et al. (1983)","Organic Silt","Organic Soils","Peat and Organic Soils"
"Organic Silt",64.5,18.846,"Hanna et al. (1983)","Organic Silt","Organic Soils","Peat and Organic Soils"
"Organic Silt",65,19.665,"Hanna et al. (1983)","Organic Silt","Organic Soils","Peat and Organic Soils"
"Organic Silt",65.5,20.484,"Hanna et al. (1983)","Organic Silt","Organic Soils","Peat and Organic Soils"
"Organic Silt",66,21.303,"Hanna et al. (1983)","Organic Silt","Organic Soils","Peat and Organic Soils"
"Organic Silt",66.5,22.122,"Hanna et al. (1983)","Organic Silt","Organic Soils","Peat and Organic Soils"
"Organic Silt",67,22.941,"Hanna et al. (1983)","Organic Silt","Organic Soils","Peat and Organic Soils"
"Organic Silt",67.5,23.76,"Hanna et al. (1983)","Organic Silt","Organic Soils","Peat and Organic Soils"
"Organic Silt",68,24.579,"Hanna et al. (1983)","Organic Silt","Organic Soils","Peat and Organic Soils"
"Organic Silt",68.5,25.398,"Hanna et al. (1983)","Organic Silt","Organic Soils","Peat and Organic Soils"
"Organic Silt",69,26.217,"Hanna et al. (1983)","Organic Silt","Organic Soils","Peat and Organic Soils"
"Organic Silt",69.5,27.036,"Hanna et al. (1983)","Organic Silt","Organic Soils","Peat and Organic Soils"
"Organic Silt",70,27.855,"Hanna et al. (1983)","Organic Silt","Organic Soils","Peat and Organic Soils"
"Organic Silt",70.5,28.674,"Hanna et al. (1983)","Organic Silt","Organic Soils","Peat and Organic Soils"
"Organic Silt",71,29.493,"Hanna et al. (1983)","Organic Silt","Organic Soils","Peat and Organic Soils"
"Organic Silt",71.5,30.312,"Hanna et al. (1983)","Organic Silt","Organic Soils","Peat and Organic Soils"
"Organic Silt",72,31.551,"Hanna et al. (1983)","Organic Silt","Organic Soils","Peat and Organic Soils"
"Organic Silt",72.5,32.774,"Hanna et al. (1983)","Organic Silt","Organic Soils","Peat and Organic Soils"
"Organic Silt",73,33.997,"Hanna et al. (1983)","Organic Silt","Organic Soils","Peat and Organic Soils"
"Organic Silt",73.5,35.22,"Hanna et al. (1983)","Organic Silt","Organic Soils","Peat and Organic Soils"
"Organic Silt",74,36.443,"Hanna et al. (1983)","Organic Silt","Organic Soils","Peat and Organic Soils"
"Organic Silt",74.5,37.666,"Hanna et al. (1983)","Organic Silt","Organic Soils","Peat and Organic Soils"
"Organic Silt",75,38.889,"Hanna et al. (1983)","Organic Silt","Organic Soils","Peat and Organic Soils"
"Organic Silt",75.5,40.112,"Hanna et al. (1983)","Organic Silt","Organic Soils","Peat and Organic Soils"
"Organic Silt",76,41.335,"Hanna et al. (1983)","Organic Silt","Organic Soils","Peat and Organic Soils"
"Organic Silt",76.5,42.558,"Hanna et al. (1983)","Organic Silt","Organic Soils","Peat and Organic Soils"
"Organic Silt",77,43.781,"Hanna et al. (1983)","Organic Silt","Organic Soils","Peat and Organic Soils"
"Organic Silt",77.5,45.004,"Hanna et al. (1983)","Organic Silt","Organic Soils","Peat and Organic Soils"
"Organic Silt",78,46.227,"Hanna et al. (1983)","Organic Silt","Organic Soils","Peat and Organic Soils"
"Organic Silt",78.5,47.45,"Hanna et al. (1983)","Organic Silt","Organic Soils","Peat and Organic Soils"
"Organic Silt",79,48.673,"Hanna et al. (1983)","Organic Silt","Organic Soils","Peat and Organic Soils"
"Organic Silt",79.5,49.896,"Hanna et al. (1983)","Organic Silt","Organic Soils","Peat and Organic Soils"
"Organic Silt",80,51.119,"Hanna et al. (1983)","Organic Silt","Organic Soils","Peat and Organic Soils"
"Organic Silt",80.5,52.342,"Hanna et al. (1983)","Organic Silt","Organic Soils","Peat and Organic Soils"
"Organic Silt",81,53.565,"Hanna et al. (1983)","Organic Silt","Organic Soils","Peat and Organic Soils"
"Organic Silt",81.5,54.788,"Hanna et al. (1983)","Organic Silt","Organic Soils","Peat and Organic Soils"
"Organic Silt",82,56.011,"Hanna et al. (1983)","Organic Silt","Organic Soils","Peat and Organic Soils"
"Organic Silt",82.5,57.234,"Hanna et al. (1983)","Organic Silt","Organic Soils","Peat and Organic Soils"
"Organic Silt",83,58.457,"Hanna et al. (1983)","Organic Silt","Organic Soils","Peat and Organic Soils"
"Organic Silt",83.5,59.68,"Hanna et al. (1983)","Organic Silt","Organic Soils","Peat and Organic Soils"
"Organic Silt",84,60.903,"Hanna et al. (1983)","Organic Silt","Organic Soils","Peat and Organic Soils"
"Organic Silt",84.5,62.126,"Hanna et al. (1983)","Organic Silt","Organic Soils","Peat and Organic Soils"
"Organic Silt",85,63.349,"Hanna et al. (1983)","Organic Silt","Organic Soils","Peat and Organic Soils"
"Organic Silt",85.5,64.572,"Hanna et al. (1983)","Organic Silt","Organic Soils","Peat and Organic Soils"
"Organic Silt",86,65.795,"Hanna et al. (1983)","Organic Silt","Organic Soils","Peat and Organic Soils"
"Organic Silt",86.5,67.018,"Hanna et al. (1983)","Organic Silt","Organic Soils","Peat and Organic Soils"
"Organic Silt",87,68.241,"Hanna et al. (1983)","Organic Silt","Organic Soils","Peat and Organic Soils"
"Organic Silt",87.5,69.464,"Hanna et al. (1983)","Organic Silt","Organic Soils","Peat and Organic Soils"
"Organic Silt",88,70.687,"Hanna et al. (1983)","Organic Silt","Organic Soils","Peat and Organic Soils"
"Organic Silt",88.5,71.91,"Hanna et al. (1983)","Organic Silt","Organic Soils","Peat and Organic Soils"
"Organic Silt",89,73.133,"Hanna et al. (1983)","Organic Silt","Organic Soils","Peat and Organic Soils"
"Organic Silt",89.5,74.356,"Hanna et al. (1983)","Organic Silt","Organic Soils","Peat and Organic Soils"
"Organic Silt",90,75.579,"Hanna et al. (1983)","Organic Silt","Organic Soils","Peat and Organic Soils"
"Organic Silt",90.5,76.802,"Hanna et al. (1983)","Organic Silt","Organic Soils","Peat and Organic Soils"
"Organic Silt",91,78.025,"Hanna et al. (1983)","Organic Silt","Organic Soils","Peat and Organic Soils"
"Organic Silt",91.5,79.248,"Hanna et al. (1983)","Organic Silt","Organic Soils","Peat and Organic Soils"
"Organic Silt",92,80.471,"Hanna et al. (1983)","Organic Silt","Organic Soils","Peat and Organic Soils"
"Organic Silt",92.5,81.694,"Hanna et al. (1983)","Organic Silt","Organic Soils","Peat and Organic Soils"
"Organic Silt",93,82.917,"Hanna et al. (1983)","Organic Silt","Organic Soils","Peat and Organic Soils"
"Organic Silt",93.5,84.14,"Hanna et al. (1983)","Organic Silt","Organic Soils","Peat and Organic Soils"
"Organic Silt",94,85.363,"Hanna et al. (1983)","Organic Silt","Organic Soils","Peat and Organic Soils"
"Organic Silt",94.5,86.586,"Hanna et al. (1983)","Organic Silt","Organic Soils","Peat and Organic Soils"
"Organic Silt",95,87.809,"Hanna et al. (1983)","Organic Silt","Organic Soils","Peat and Organic Soils"
"Organic Silt",95.5,89.032,"Hanna et al. (1983)","Organic Silt","Organic Soils","Peat and Organic Soils"
"Organic Silt",96,90.255,"Hanna et al. (1983)","Organic Silt","Organic Soils","Peat and Organic Soils"
"Organic Silt",96.5,91.478,"Hanna et al. (1983)","Organic Silt","Organic Soils","Peat and Organic Soils"
"Organic Silt",97,92.701,"Hanna et al. (1983)","Organic Silt","Organic Soils","Peat and Organic Soils"
"Organic Silt",97.5,93.924,"Hanna et al. (1983)","Organic Silt","Organic Soils","Peat and Organic Soils"
"Organic Silt",98,95.147,"Hanna et al. (1983)","Organic Silt","Organic Soils","Peat and Organic Soils"
"Organic Silt",98.5,96.37,"Hanna et al. (1983)","Organic Silt","Organic Soils","Peat and Organic Soils"
"Organic Silt",99,97.593,"Hanna et al. (1983)","Organic Silt","Organic Soils","Peat and Organic Soils"
"Organic Silt",99.5,98.816,"Hanna et al. (1983)","Organic Silt","Organic Soils","Peat and Organic Soils"
"Organic Silt",100,100.039,"Hanna et al. (1983)","Organic Silt","Organic Soils","Peat and Organic Soils"
"Organic Silt",100.5,101.262,"Hanna et al. (1983)","Organic Silt","Organic Soils","Peat and Organic Soils"
"Peat",0.5,-119.584,"Hanna et al. (1983)","Peat","Peat","Peat and Organic Soils"
"Peat",1,-118.612,"Hanna et al. (1983)","Peat","Peat","Peat and Organic Soils"
"Peat",1.5,-117.64,"Hanna et al. (1983)","Peat","Peat","Peat and Organic Soils"
"Peat",2,-116.668,"Hanna et al. (1983)","Peat","Peat","Peat and Organic Soils"
"Peat",2.5,-115.696,"Hanna et al. (1983)","Peat","Peat","Peat and Organic Soils"
"Peat",3,-114.724,"Hanna et al. (1983)","Peat","Peat","Peat and Organic Soils"
"Peat",3.5,-113.752,"Hanna et al. (1983)","Peat","Peat","Peat and Organic Soils"
"Peat",4,-112.78,"Hanna et al. (1983)","Peat","Peat","Peat and Organic Soils"
"Peat",4.5,-111.808,"Hanna et al. (1983)","Peat","Peat","Peat and Organic Soils"
"Peat",5,-110.836,"Hanna et al. (1983)","Peat","Peat","Peat and Organic Soils"
"Peat",5.5,-109.864,"Hanna et al. (1983)","Peat","Peat","Peat and Organic Soils"
"Peat",6,-108.892,"Hanna et al. (1983)","Peat","Peat","Peat and Organic Soils"
"Peat",6.5,-107.92,"Hanna et al. (1983)","Peat","Peat","Peat and Organic Soils"
"Peat",7,-106.948,"Hanna et al. (1983)","Peat","Peat","Peat and Organic Soils"
"Peat",7.5,-105.976,"Hanna et al. (1983)","Peat","Peat","Peat and Organic Soils"
"Peat",8,-105.004,"Hanna et al. (1983)","Peat","Peat","Peat and Organic Soils"
"Peat",8.5,-104.032,"Hanna et al. (1983)","Peat","Peat","Peat and Organic Soils"
"Peat",9,-103.06,"Hanna et al. (1983)","Peat","Peat","Peat and Organic Soils"
"Peat",9.5,-102.088,"Hanna et al. (1983)","Peat","Peat","Peat and Organic Soils"
"Peat",10,-101.116,"Hanna et al. (1983)","Peat","Peat","Peat and Organic Soils"
"Peat",10.5,-100.144,"Hanna et al. (1983)","Peat","Peat","Peat and Organic Soils"
"Peat",11,-99.172,"Hanna et al. (1983)","Peat","Peat","Peat and Organic Soils"
"Peat",11.5,-98.2,"Hanna et al. (1983)","Peat","Peat","Peat and Organic Soils"
"Peat",12,-97.228,"Hanna et al. (1983)","Peat","Peat","Peat and Organic Soils"
"Peat",12.5,-96.256,"Hanna et al. (1983)","Peat","Peat","Peat and Organic Soils"
"Peat",13,-95.284,"Hanna et al. (1983)","Peat","Peat","Peat and Organic Soils"
"Peat",13.5,-94.312,"Hanna et al. (1983)","Peat","Peat","Peat and Organic Soils"
"Peat",14,-93.34,"Hanna et al. (1983)","Peat","Peat","Peat and Organic Soils"
"Peat",14.5,-92.368,"Hanna et al. (1983)","Peat","Peat","Peat and Organic Soils"
"Peat",15,-91.396,"Hanna et al. (1983)","Peat","Peat","Peat and Organic Soils"
"Peat",15.5,-90.424,"Hanna et al. (1983)","Peat","Peat","Peat and Organic Soils"
"Peat",16,-89.452,"Hanna et al. (1983)","Peat","Peat","Peat and Organic Soils"
"Peat",16.5,-88.48,"Hanna et al. (1983)","Peat","Peat","Peat and Organic Soils"
"Peat",17,-87.508,"Hanna et al. (1983)","Peat","Peat","Peat and Organic Soils"
"Peat",17.5,-86.536,"Hanna et al. (1983)","Peat","Peat","Peat and Organic Soils"
"Peat",18,-85.564,"Hanna et al. (1983)","Peat","Peat","Peat and Organic Soils"
"Peat",18.5,-84.592,"Hanna et al. (1983)","Peat","Peat","Peat and Organic Soils"
"Peat",19,-83.62,"Hanna et al. (1983)","Peat","Peat","Peat and Organic Soils"
"Peat",19.5,-82.648,"Hanna et al. (1983)","Peat","Peat","Peat and Organic Soils"
"Peat",20,-81.676,"Hanna et al. (1983)","Peat","Peat","Peat and Organic Soils"
"Peat",20.5,-80.704,"Hanna et al. (1983)","Peat","Peat","Peat and Organic Soils"
"Peat",21,-79.732,"Hanna et al. (1983)","Peat","Peat","Peat and Organic Soils"
"Peat",21.5,-78.76,"Hanna et al. (1983)","Peat","Peat","Peat and Organic Soils"
"Peat",22,-77.788,"Hanna et al. (1983)","Peat","Peat","Peat and Organic Soils"
"Peat",22.5,-76.816,"Hanna et al. (1983)","Peat","Peat","Peat and Organic Soils"
"Peat",23,-75.844,"Hanna et al. (1983)","Peat","Peat","Peat and Organic Soils"
"Peat",23.5,-74.872,"Hanna et al. (1983)","Peat","Peat","Peat and Organic Soils"
"Peat",24,-73.9,"Hanna et al. (1983)","Peat","Peat","Peat and Organic Soils"
"Peat",24.5,-72.928,"Hanna et al. (1983)","Peat","Peat","Peat and Organic Soils"
"Peat",25,-71.956,"Hanna et al. (1983)","Peat","Peat","Peat and Organic Soils"
"Peat",25.5,-70.984,"Hanna et al. (1983)","Peat","Peat","Peat and Organic Soils"
"Peat",26,-70.012,"Hanna et al. (1983)","Peat","Peat","Peat and Organic Soils"
"Peat",26.5,-69.04,"Hanna et al. (1983)","Peat","Peat","Peat and Organic Soils"
"Peat",27,-68.068,"Hanna et al. (1983)","Peat","Peat","Peat and Organic Soils"
"Peat",27.5,-67.096,"Hanna et al. (1983)","Peat","Peat","Peat and Organic Soils"
"Peat",28,-66.124,"Hanna et al. (1983)","Peat","Peat","Peat and Organic Soils"
"Peat",28.5,-65.152,"Hanna et al. (1983)","Peat","Peat","Peat and Organic Soils"
"Peat",29,-64.18,"Hanna et al. (1983)","Peat","Peat","Peat and Organic Soils"
"Peat",29.5,-63.208,"Hanna et al. (1983)","Peat","Peat","Peat and Organic Soils"
"Peat",30,-62.236,"Hanna et al. (1983)","Peat","Peat","Peat and Organic Soils"
"Peat",30.5,-61.264,"Hanna et al. (1983)","Peat","Peat","Peat and Organic Soils"
"Peat",31,-60.292,"Hanna et al. (1983)","Peat","Peat","Peat and Organic Soils"
"Peat",31.5,-59.32,"Hanna et al. (1983)","Peat","Peat","Peat and Organic Soils"
"Peat",32,-58.348,"Hanna et al. (1983)","Peat","Peat","Peat and Organic Soils"
"Peat",32.5,-57.376,"Hanna et al. (1983)","Peat","Peat","Peat and Organic Soils"
"Peat",33,-56.404,"Hanna et al. (1983)","Peat","Peat","Peat and Organic Soils"
"Peat",33.5,-55.432,"Hanna et al. (1983)","Peat","Peat","Peat and Organic Soils"
"Peat",34,-54.46,"Hanna et al. (1983)","Peat","Peat","Peat and Organic Soils"
"Peat",34.5,-53.488,"Hanna et al. (1983)","Peat","Peat","Peat and Organic Soils"
"Peat",35,-52.516,"Hanna et al. (1983)","Peat","Peat","Peat and Organic Soils"
"Peat",35.5,-51.544,"Hanna et al. (1983)","Peat","Peat","Peat and Organic Soils"
"Peat",36,-50.572,"Hanna et al. (1983)","Peat","Peat","Peat and Organic Soils"
"Peat",36.5,-49.6,"Hanna et al. (1983)","Peat","Peat","Peat and Organic Soils"
"Peat",37,-48.628,"Hanna et al. (1983)","Peat","Peat","Peat and Organic Soils"
"Peat",37.5,-47.656,"Hanna et al. (1983)","Peat","Peat","Peat and Organic Soils"
"Peat",38,-46.684,"Hanna et al. (1983)","Peat","Peat","Peat and Organic Soils"
"Peat",38.5,-45.712,"Hanna et al. (1983)","Peat","Peat","Peat and Organic Soils"
"Peat",39,-44.74,"Hanna et al. (1983)","Peat","Peat","Peat and Organic Soils"
"Peat",39.5,-43.768,"Hanna et al. (1983)","Peat","Peat","Peat and Organic Soils"
"Peat",40,-42.796,"Hanna et al. (1983)","Peat","Peat","Peat and Organic Soils"
"Peat",40.5,-41.824,"Hanna et al. (1983)","Peat","Peat","Peat and Organic Soils"
"Peat",41,-40.852,"Hanna et al. (1983)","Peat","Peat","Peat and Organic Soils"
"Peat",41.5,-39.88,"Hanna et al. (1983)","Peat","Peat","Peat and Organic Soils"
"Peat",42,-38.908,"Hanna et al. (1983)","Peat","Peat","Peat and Organic Soils"
"Peat",42.5,-37.936,"Hanna et al. (1983)","Peat","Peat","Peat and Organic Soils"
"Peat",43,-36.964,"Hanna et al. (1983)","Peat","Peat","Peat and Organic Soils"
"Peat",43.5,-35.992,"Hanna et al. (1983)","Peat","Peat","Peat and Organic Soils"
"Peat",44,-35.02,"Hanna et al. (1983)","Peat","Peat","Peat and Organic Soils"
"Peat",44.5,-34.048,"Hanna et al. (1983)","Peat","Peat","Peat and Organic Soils"
"Peat",45,-33.076,"Hanna et al. (1983)","Peat","Peat","Peat and Organic Soils"
"Peat",45.5,-32.104,"Hanna et al. (1983)","Peat","Peat","Peat and Organic Soils"
"Peat",46,-31.132,"Hanna et al. (1983)","Peat","Peat","Peat and Organic Soils"
"Peat",46.5,-30.16,"Hanna et al. (1983)","Peat","Peat","Peat and Organic Soils"
"Peat",47,-29.188,"Hanna et al. (1983)","Peat","Peat","Peat and Organic Soils"
"Peat",47.5,-28.216,"Hanna et al. (1983)","Peat","Peat","Peat and Organic Soils"
"Peat",48,-27.244,"Hanna et al. (1983)","Peat","Peat","Peat and Organic Soils"
"Peat",48.5,-26.272,"Hanna et al. (1983)","Peat","Peat","Peat and Organic Soils"
"Peat",49,-25.3,"Hanna et al. (1983)","Peat","Peat","Peat and Organic Soils"
"Peat",49.5,-24.328,"Hanna et al. (1983)","Peat","Peat","Peat and Organic Soils"
"Peat",50,-23.356,"Hanna et al. (1983)","Peat","Peat","Peat and Organic Soils"
"Peat",50.5,-22.384,"Hanna et al. (1983)","Peat","Peat","Peat and Organic Soils"
"Peat",51,-21.412,"Hanna et al. (1983)","Peat","Peat","Peat and Organic Soils"
"Peat",51.5,-20.44,"Hanna et al. (1983)","Peat","Peat","Peat and Organic Soils"
"Peat",52,-19.468,"Hanna et al. (1983)","Peat","Peat","Peat and Organic Soils"
"Peat",52.5,-18.496,"Hanna et al. (1983)","Peat","Peat","Peat and Organic Soils"
"Peat",53,-17.524,"Hanna et al. (1983)","Peat","Peat","Peat and Organic Soils"
"Peat",53.5,-16.552,"Hanna et al. (1983)","Peat","Peat","Peat and Organic Soils"
"Peat",54,-15.58,"Hanna et al. (1983)","Peat","Peat","Peat and Organic Soils"
"Peat",54.5,-14.608,"Hanna et al. (1983)","Peat","Peat","Peat and Organic Soils"
"Peat",55,-13.636,"Hanna et al. (1983)","Peat","Peat","Peat and Organic Soils"
"Peat",55.5,-12.664,"Hanna et al. (1983)","Peat","Peat","Peat and Organic Soils"
"Peat",56,-11.692,"Hanna et al. (1983)","Peat","Peat","Peat and Organic Soils"
"Peat",56.5,-10.72,"Hanna et al. (1983)","Peat","Peat","Peat and Organic Soils"
"Peat",57,-9.748,"Hanna et al. (1983)","Peat","Peat","Peat and Organic Soils"
"Peat",57.5,-8.776,"Hanna et al. (1983)","Peat","Peat","Peat and Organic Soils"
"Peat",58,-7.804,"Hanna et al. (1983)","Peat","Peat","Peat and Organic Soils"
"Peat",58.5,-6.83199999999999,"Hanna et al. (1983)","Peat","Peat","Peat and Organic Soils"
"Peat",59,-5.86,"Hanna et al. (1983)","Peat","Peat","Peat and Organic Soils"
"Peat",59.5,-4.88800000000001,"Hanna et al. (1983)","Peat","Peat","Peat and Organic Soils"
"Peat",60,-3.916,"Hanna et al. (1983)","Peat","Peat","Peat and Organic Soils"
"Peat",60.5,-2.944,"Hanna et al. (1983)","Peat","Peat","Peat and Organic Soils"
"Peat",61,-1.97199999999999,"Hanna et al. (1983)","Peat","Peat","Peat and Organic Soils"
"Peat",61.5,-1,"Hanna et al. (1983)","Peat","Peat","Peat and Organic Soils"
"Peat",62,-0.0280000000000058,"Hanna et al. (1983)","Peat","Peat","Peat and Organic Soils"
"Peat",62.5,0.944000000000003,"Hanna et al. (1983)","Peat","Peat","Peat and Organic Soils"
"Peat",63,1.916,"Hanna et al. (1983)","Peat","Peat","Peat and Organic Soils"
"Peat",63.5,2.88800000000001,"Hanna et al. (1983)","Peat","Peat","Peat and Organic Soils"
"Peat",64,3.86,"Hanna et al. (1983)","Peat","Peat","Peat and Organic Soils"
"Peat",64.5,4.83199999999999,"Hanna et al. (1983)","Peat","Peat","Peat and Organic Soils"
"Peat",65,5.804,"Hanna et al. (1983)","Peat","Peat","Peat and Organic Soils"
"Peat",65.5,6.776,"Hanna et al. (1983)","Peat","Peat","Peat and Organic Soils"
"Peat",66,7.748,"Hanna et al. (1983)","Peat","Peat","Peat and Organic Soils"
"Peat",66.5,8.72000000000001,"Hanna et al. (1983)","Peat","Peat","Peat and Organic Soils"
"Peat",67,9.69199999999999,"Hanna et al. (1983)","Peat","Peat","Peat and Organic Soils"
"Peat",67.5,10.664,"Hanna et al. (1983)","Peat","Peat","Peat and Organic Soils"
"Peat",68,11.636,"Hanna et al. (1983)","Peat","Peat","Peat and Organic Soils"
"Peat",68.5,12.608,"Hanna et al. (1983)","Peat","Peat","Peat and Organic Soils"
"Peat",69,13.58,"Hanna et al. (1983)","Peat","Peat","Peat and Organic Soils"
"Peat",69.5,14.552,"Hanna et al. (1983)","Peat","Peat","Peat and Organic Soils"
"Peat",70,15.524,"Hanna et al. (1983)","Peat","Peat","Peat and Organic Soils"
"Peat",70.5,16.496,"Hanna et al. (1983)","Peat","Peat","Peat and Organic Soils"
"Peat",71,17.468,"Hanna et al. (1983)","Peat","Peat","Peat and Organic Soils"
"Peat",71.5,18.44,"Hanna et al. (1983)","Peat","Peat","Peat and Organic Soils"
"Peat",72,19.412,"Hanna et al. (1983)","Peat","Peat","Peat and Organic Soils"
"Peat",72.5,20.384,"Hanna et al. (1983)","Peat","Peat","Peat and Organic Soils"
"Peat",73,21.356,"Hanna et al. (1983)","Peat","Peat","Peat and Organic Soils"
"Peat",73.5,22.328,"Hanna et al. (1983)","Peat","Peat","Peat and Organic Soils"
"Peat",74,23.3,"Hanna et al. (1983)","Peat","Peat","Peat and Organic Soils"
"Peat",74.5,24.272,"Hanna et al. (1983)","Peat","Peat","Peat and Organic Soils"
"Peat",75,25.244,"Hanna et al. (1983)","Peat","Peat","Peat and Organic Soils"
"Peat",75.5,26.216,"Hanna et al. (1983)","Peat","Peat","Peat and Organic Soils"
"Peat",76,27.188,"Hanna et al. (1983)","Peat","Peat","Peat and Organic Soils"
"Peat",76.5,28.16,"Hanna et al. (1983)","Peat","Peat","Peat and Organic Soils"
"Peat",77,29.132,"Hanna et al. (1983)","Peat","Peat","Peat and Organic Soils"
"Peat",77.5,30.104,"Hanna et al. (1983)","Peat","Peat","Peat and Organic Soils"
"Peat",78,31.076,"Hanna et al. (1983)","Peat","Peat","Peat and Organic Soils"
"Peat",78.5,32.048,"Hanna et al. (1983)","Peat","Peat","Peat and Organic Soils"
"Peat",79,33.02,"Hanna et al. (1983)","Peat","Peat","Peat and Organic Soils"
"Peat",79.5,33.992,"Hanna et al. (1983)","Peat","Peat","Peat and Organic Soils"
"Peat",80,34.964,"Hanna et al. (1983)","Peat","Peat","Peat and Organic Soils"
"Peat",80.5,36.625,"Hanna et al. (1983)","Peat","Peat","Peat and Organic Soils"
"Peat",81,38.25,"Hanna et al. (1983)","Peat","Peat","Peat and Organic Soils"
"Peat",81.5,39.875,"Hanna et al. (1983)","Peat","Peat","Peat and Organic Soils"
"Peat",82,41.5,"Hanna et al. (1983)","Peat","Peat","Peat and Organic Soils"
"Peat",82.5,43.125,"Hanna et al. (1983)","Peat","Peat","Peat and Organic Soils"
"Peat",83,44.75,"Hanna et al. (1983)","Peat","Peat","Peat and Organic Soils"
"Peat",83.5,46.375,"Hanna et al. (1983)","Peat","Peat","Peat and Organic Soils"
"Peat",84,48,"Hanna et al. (1983)","Peat","Peat","Peat and Organic Soils"
"Peat",84.5,49.625,"Hanna et al. (1983)","Peat","Peat","Peat and Organic Soils"
"Peat",85,51.25,"Hanna et al. (1983)","Peat","Peat","Peat and Organic Soils"
"Peat",85.5,52.875,"Hanna et al. (1983)","Peat","Peat","Peat and Organic Soils"
"Peat",86,54.5,"Hanna et al. (1983)","Peat","Peat","Peat and Organic Soils"
"Peat",86.5,56.125,"Hanna et al. (1983)","Peat","Peat","Peat and Organic Soils"
"Peat",87,57.75,"Hanna et al. (1983)","Peat","Peat","Peat and Organic Soils"
"Peat",87.5,59.375,"Hanna et al. (1983)","Peat","Peat","Peat and Organic Soils"
"Peat",88,61,"Hanna et al. (1983)","Peat","Peat","Peat and Organic Soils"
"Peat",88.5,62.625,"Hanna et al. (1983)","Peat","Peat","Peat and Organic Soils"
"Peat",89,64.25,"Hanna et al. (1983)","Peat","Peat","Peat and Organic Soils"
"Peat",89.5,65.875,"Hanna et al. (1983)","Peat","Peat","Peat and Organic Soils"
"Peat",90,67.5,"Hanna et al. (1983)","Peat","Peat","Peat and Organic Soils"
"Peat",90.5,69.125,"Hanna et al. (1983)","Peat","Peat","Peat and Organic Soils"
"Peat",91,70.75,"Hanna et al. (1983)","Peat","Peat","Peat and Organic Soils"
"Peat",91.5,72.375,"Hanna et al. (1983)","Peat","Peat","Peat and Organic Soils"
"Peat",92,74,"Hanna et al. (1983)","Peat","Peat","Peat and Organic Soils"
"Peat",92.5,75.625,"Hanna et al. (1983)","Peat","Peat","Peat and Organic Soils"
"Peat",93,77.25,"Hanna et al. (1983)","Peat","Peat","Peat and Organic Soils"
"Peat",93.5,78.875,"Hanna et al. (1983)","Peat","Peat","Peat and Organic Soils"
"Peat",94,80.5,"Hanna et al. (1983)","Peat","Peat","Peat and Organic Soils"
"Peat",94.5,82.125,"Hanna et al. (1983)","Peat","Peat","Peat and Organic Soils"
"Peat",95,83.75,"Hanna et al. (1983)","Peat","Peat","Peat and Organic Soils"
"Peat",95.5,85.375,"Hanna et al. (1983)","Peat","Peat","Peat and Organic Soils"
"Peat",96,87,"Hanna et al. (1983)","Peat","Peat","Peat and Organic Soils"
"Peat",96.5,88.625,"Hanna et al. (1983)","Peat","Peat","Peat and Organic Soils"
"Peat",97,90.25,"Hanna et al. (1983)","Peat","Peat","Peat and Organic Soils"
"Peat",97.5,91.875,"Hanna et al. (1983)","Peat","Peat","Peat and Organic Soils"
"Peat",98,93.5,"Hanna et al. (1983)","Peat","Peat","Peat and Organic Soils"
"Peat",98.5,95.125,"Hanna et al. (1983)","Peat","Peat","Peat and Organic Soils"
"Peat",99,96.75,"Hanna et al. (1983)","Peat","Peat","Peat and Organic Soils"
"Peat",99.5,98.375,"Hanna et al. (1983)","Peat","Peat","Peat and Organic Soils"
"Peat",100,100,"Hanna et al. (1983)","Peat","Peat","Peat and Organic Soils"
"Peat",100.5,101.625,"Hanna et al. (1983)","Peat","Peat","Peat and Organic Soils"
